account_id,transaction_month,transaction_count,active_status
1,1995-03,1,"Low Activity"
1,1995-04,3,Active
1,1995-05,3,Active
1,1995-06,3,Active
1,1995-07,3,Active
1,1995-08,4,Active
1,1995-09,4,Active
1,1995-10,4,Active
1,1995-11,6,Active
1,1995-12,4,Active
1,1996-01,10,Active
1,1996-02,4,Active
1,1996-03,5,Active
1,1996-04,3,Active
1,1996-05,5,Active
1,1996-06,5,Active
1,1996-07,5,Active
1,1996-08,5,Active
1,1996-09,3,Active
1,1996-10,4,Active
1,1996-11,4,Active
1,1996-12,5,Active
1,1997-01,8,Active
1,1997-02,7,Active
1,1997-03,4,Active
1,1997-04,3,Active
1,1997-05,5,Active
1,1997-06,4,Active
1,1997-07,3,Active
1,1997-08,5,Active
1,1997-09,5,Active
1,1997-10,3,Active
1,1997-11,4,Active
1,1997-12,5,Active
1,1998-01,9,Active
1,1998-02,4,Active
1,1998-03,4,Active
1,1998-04,5,Active
1,1998-05,2,Active
1,1998-06,5,Active
1,1998-07,2,Active
1,1998-08,5,Active
1,1998-09,5,Active
1,1998-10,3,Active
1,1998-11,4,Active
1,1998-12,2,Active
2,1993-02,1,"Low Activity"
2,1993-03,2,Active
2,1993-04,3,Active
2,1993-05,3,Active
2,1993-06,2,Active
2,1993-07,5,Active
2,1993-08,6,Active
2,1993-09,6,Active
2,1993-10,5,Active
2,1993-11,4,Active
2,1993-12,8,Active
2,1994-01,8,Active
2,1994-02,4,Active
2,1994-03,4,Active
2,1994-04,5,Active
2,1994-05,6,Active
2,1994-06,7,Active
2,1994-07,7,Active
2,1994-08,5,Active
2,1994-09,6,Active
2,1994-10,5,Active
2,1994-11,7,Active
2,1994-12,6,Active
2,1995-01,8,Active
2,1995-02,6,Active
2,1995-03,6,Active
2,1995-04,8,Active
2,1995-05,6,Active
2,1995-06,7,Active
2,1995-07,5,Active
2,1995-08,5,Active
2,1995-09,4,Active
2,1995-10,5,Active
2,1995-11,4,Active
2,1995-12,6,Active
2,1996-01,10,Active
2,1996-02,5,Active
2,1996-03,5,Active
2,1996-04,5,Active
2,1996-05,5,Active
2,1996-06,3,Active
2,1996-07,7,Active
2,1996-08,5,Active
2,1996-09,5,Active
2,1996-10,3,Active
2,1996-11,5,Active
2,1996-12,7,Active
2,1997-01,10,Active
2,1997-02,2,Active
2,1997-03,6,Active
2,1997-04,4,Active
2,1997-05,5,Active
2,1997-06,4,Active
2,1997-07,4,Active
2,1997-08,8,Active
2,1997-09,5,Active
2,1997-10,4,Active
2,1997-11,4,Active
2,1997-12,5,Active
2,1998-01,9,Active
2,1998-02,3,Active
2,1998-03,6,Active
2,1998-04,6,Active
2,1998-05,5,Active
2,1998-06,4,Active
2,1998-07,3,Active
2,1998-08,5,Active
2,1998-09,5,Active
2,1998-10,5,Active
2,1998-11,7,Active
2,1998-12,5,Active
3,1997-07,2,Active
3,1997-08,2,Active
3,1997-09,2,Active
3,1997-10,3,Active
3,1997-11,3,Active
3,1997-12,8,Active
3,1998-01,11,Active
3,1998-02,6,Active
3,1998-03,5,Active
3,1998-04,6,Active
3,1998-05,7,Active
3,1998-06,5,Active
3,1998-07,6,Active
3,1998-08,6,Active
3,1998-09,5,Active
3,1998-10,6,Active
3,1998-11,7,Active
3,1998-12,5,Active
4,1996-02,1,"Low Activity"
4,1996-03,1,"Low Activity"
4,1996-04,1,"Low Activity"
4,1996-06,1,"Low Activity"
4,1996-07,5,Active
4,1996-08,4,Active
4,1996-09,4,Active
4,1996-10,4,Active
4,1996-11,3,Active
4,1996-12,6,Active
4,1997-01,11,Active
4,1997-02,3,Active
4,1997-03,6,Active
4,1997-04,4,Active
4,1997-05,7,Active
4,1997-06,6,Active
4,1997-07,5,Active
4,1997-08,5,Active
4,1997-09,4,Active
4,1997-10,5,Active
4,1997-11,5,Active
4,1997-12,6,Active
4,1998-01,8,Active
4,1998-02,4,Active
4,1998-03,5,Active
4,1998-04,5,Active
4,1998-05,4,Active
4,1998-06,6,Active
4,1998-07,5,Active
4,1998-08,5,Active
4,1998-09,4,Active
4,1998-10,5,Active
4,1998-11,3,Active
4,1998-12,3,Active
5,1997-05,1,"Low Activity"
5,1997-07,1,"Low Activity"
5,1997-08,1,"Low Activity"
5,1997-09,1,"Low Activity"
5,1997-10,3,Active
5,1997-11,3,Active
5,1997-12,4,Active
5,1998-01,9,Active
5,1998-02,4,Active
5,1998-03,4,Active
5,1998-04,4,Active
5,1998-05,5,Active
5,1998-06,4,Active
5,1998-07,5,Active
5,1998-08,4,Active
5,1998-09,5,Active
5,1998-10,2,Active
5,1998-11,5,Active
5,1998-12,5,Active
6,1994-09,1,"Low Activity"
6,1994-10,1,"Low Activity"
6,1994-11,1,"Low Activity"
6,1994-12,1,"Low Activity"
6,1995-01,1,"Low Activity"
6,1995-02,6,Active
6,1995-03,3,Active
6,1995-04,3,Active
6,1995-05,4,Active
6,1995-06,4,Active
6,1995-07,3,Active
6,1995-08,5,Active
6,1995-09,5,Active
6,1995-10,4,Active
6,1995-11,4,Active
6,1995-12,4,Active
6,1996-01,10,Active
6,1996-02,4,Active
6,1996-03,2,Active
6,1996-04,5,Active
6,1996-05,4,Active
6,1996-06,4,Active
6,1996-07,3,Active
6,1996-08,2,Active
6,1996-09,2,Active
6,1996-10,4,Active
6,1996-11,4,Active
6,1996-12,4,Active
6,1997-01,10,Active
6,1997-02,4,Active
6,1997-03,2,Active
6,1997-04,3,Active
6,1997-05,3,Active
6,1997-06,5,Active
6,1997-07,5,Active
6,1997-08,4,Active
6,1997-09,3,Active
6,1997-10,3,Active
6,1997-11,3,Active
6,1997-12,5,Active
6,1998-01,8,Active
6,1998-02,3,Active
6,1998-03,2,Active
6,1998-04,2,Active
6,1998-05,4,Active
6,1998-06,6,Active
6,1998-07,5,Active
6,1998-08,3,Active
6,1998-09,4,Active
6,1998-10,2,Active
6,1998-11,4,Active
6,1998-12,4,Active
7,1996-11,1,"Low Activity"
7,1996-12,2,Active
7,1997-01,1,"Low Activity"
7,1997-02,3,Active
7,1997-03,3,Active
7,1997-04,3,Active
7,1997-05,5,Active
7,1997-06,5,Active
7,1997-07,5,Active
7,1997-08,6,Active
7,1997-09,4,Active
7,1997-10,5,Active
7,1997-11,5,Active
7,1997-12,5,Active
7,1998-01,11,Active
7,1998-02,4,Active
7,1998-03,5,Active
7,1998-04,6,Active
7,1998-05,5,Active
7,1998-06,6,Active
7,1998-07,4,Active
7,1998-08,4,Active
7,1998-09,5,Active
7,1998-10,3,Active
7,1998-11,3,Active
7,1998-12,3,Active
8,1995-09,1,"Low Activity"
8,1995-10,2,Active
8,1995-11,3,Active
8,1995-12,2,Active
8,1996-01,3,Active
8,1996-02,4,Active
8,1996-03,4,Active
8,1996-04,4,Active
8,1996-05,5,Active
8,1996-06,6,Active
8,1996-07,5,Active
8,1996-08,5,Active
8,1996-09,5,Active
8,1996-10,5,Active
8,1996-11,6,Active
8,1996-12,6,Active
8,1997-01,11,Active
8,1997-02,5,Active
8,1997-03,5,Active
8,1997-04,5,Active
8,1997-05,3,Active
8,1997-06,7,Active
8,1997-07,5,Active
8,1997-08,5,Active
8,1997-09,5,Active
8,1997-10,5,Active
8,1997-11,5,Active
8,1997-12,7,Active
8,1998-01,10,Active
8,1998-02,7,Active
8,1998-03,5,Active
8,1998-04,3,Active
8,1998-05,6,Active
8,1998-06,4,Active
8,1998-07,5,Active
8,1998-08,6,Active
8,1998-09,4,Active
8,1998-10,4,Active
8,1998-11,4,Active
8,1998-12,3,Active
9,1993-01,1,"Low Activity"
9,1993-02,3,Active
9,1993-03,3,Active
9,1993-04,4,Active
9,1993-05,3,Active
9,1993-06,5,Active
9,1993-07,6,Active
9,1993-08,5,Active
9,1993-09,4,Active
9,1993-10,4,Active
9,1993-11,3,Active
9,1993-12,4,Active
9,1994-01,10,Active
9,1994-02,4,Active
9,1994-03,5,Active
9,1994-04,4,Active
9,1994-05,4,Active
9,1994-06,6,Active
9,1994-07,3,Active
9,1994-08,4,Active
9,1994-09,5,Active
9,1994-10,4,Active
9,1994-11,5,Active
9,1994-12,5,Active
9,1995-01,13,Active
9,1995-02,5,Active
9,1995-03,4,Active
9,1995-04,4,Active
9,1995-05,5,Active
9,1995-06,5,Active
9,1995-07,4,Active
9,1995-08,4,Active
9,1995-09,5,Active
9,1995-10,4,Active
9,1995-11,4,Active
9,1995-12,5,Active
9,1996-01,11,Active
9,1996-02,4,Active
9,1996-03,5,Active
9,1996-04,3,Active
9,1996-05,4,Active
9,1996-06,3,Active
9,1996-07,7,Active
9,1996-08,5,Active
9,1996-09,3,Active
9,1996-10,5,Active
9,1996-11,4,Active
9,1996-12,6,Active
9,1997-01,10,Active
9,1997-02,4,Active
9,1997-03,3,Active
9,1997-04,6,Active
9,1997-05,2,Active
9,1997-06,3,Active
9,1997-07,3,Active
9,1997-08,3,Active
9,1997-09,2,Active
9,1997-10,5,Active
9,1997-11,3,Active
9,1997-12,5,Active
9,1998-01,7,Active
9,1998-02,2,Active
9,1998-03,3,Active
9,1998-04,5,Active
9,1998-05,6,Active
9,1998-06,4,Active
9,1998-07,4,Active
9,1998-08,4,Active
9,1998-09,4,Active
9,1998-10,4,Active
9,1998-11,5,Active
9,1998-12,1,"Low Activity"
10,1996-08,1,"Low Activity"
10,1996-09,3,Active
10,1996-10,3,Active
10,1996-11,3,Active
10,1996-12,2,Active
10,1997-01,6,Active
10,1997-02,5,Active
10,1997-03,5,Active
10,1997-04,4,Active
10,1997-05,6,Active
10,1997-06,6,Active
10,1997-07,5,Active
10,1997-08,5,Active
10,1997-09,4,Active
10,1997-10,4,Active
10,1997-11,3,Active
10,1997-12,6,Active
10,1998-01,11,Active
10,1998-02,5,Active
10,1998-03,4,Active
10,1998-04,5,Active
10,1998-05,5,Active
10,1998-06,4,Active
10,1998-07,4,Active
10,1998-08,4,Active
10,1998-09,3,Active
10,1998-10,4,Active
10,1998-11,5,Active
10,1998-12,5,Active
11,1995-10,3,Active
11,1995-11,1,"Low Activity"
11,1995-12,2,Active
11,1996-01,1,"Low Activity"
11,1996-02,4,Active
11,1996-03,3,Active
11,1996-04,3,Active
11,1996-05,3,Active
11,1996-06,5,Active
11,1996-07,3,Active
11,1996-08,3,Active
11,1996-09,4,Active
11,1996-10,3,Active
11,1996-11,3,Active
11,1996-12,4,Active
11,1997-01,11,Active
11,1997-02,3,Active
11,1997-03,3,Active
11,1997-04,4,Active
11,1997-05,4,Active
11,1997-06,5,Active
11,1997-07,4,Active
11,1997-08,4,Active
11,1997-09,6,Active
11,1997-10,3,Active
11,1997-11,4,Active
11,1997-12,5,Active
11,1998-01,9,Active
11,1998-02,4,Active
11,1998-03,4,Active
11,1998-04,5,Active
11,1998-05,5,Active
11,1998-06,5,Active
11,1998-07,5,Active
11,1998-08,6,Active
11,1998-09,3,Active
11,1998-10,4,Active
11,1998-11,2,Active
11,1998-12,3,Active
12,1997-04,1,"Low Activity"
12,1997-06,1,"Low Activity"
12,1997-07,2,Active
12,1997-08,1,"Low Activity"
12,1997-09,4,Active
12,1997-10,7,Active
12,1997-11,4,Active
12,1997-12,7,Active
12,1998-01,12,Active
12,1998-02,5,Active
12,1998-03,4,Active
12,1998-04,4,Active
12,1998-05,5,Active
12,1998-06,6,Active
12,1998-07,3,Active
12,1998-08,4,Active
12,1998-09,5,Active
12,1998-10,4,Active
12,1998-11,4,Active
12,1998-12,5,Active
13,1997-08,1,"Low Activity"
13,1997-09,1,"Low Activity"
13,1997-10,1,"Low Activity"
13,1997-11,2,Active
13,1997-12,2,Active
13,1998-01,9,Active
13,1998-02,3,Active
13,1998-03,3,Active
13,1998-04,5,Active
13,1998-05,3,Active
13,1998-06,5,Active
13,1998-07,4,Active
13,1998-08,3,Active
13,1998-09,3,Active
13,1998-10,4,Active
13,1998-11,4,Active
13,1998-12,3,Active
14,1996-11,1,"Low Activity"
14,1996-12,2,Active
14,1997-01,3,Active
14,1997-02,2,Active
14,1997-03,2,Active
14,1997-04,4,Active
14,1997-05,4,Active
14,1997-06,4,Active
14,1997-07,4,Active
14,1997-08,4,Active
14,1997-09,5,Active
14,1997-10,4,Active
14,1997-11,5,Active
14,1997-12,4,Active
14,1998-01,5,Active
14,1998-02,4,Active
14,1998-03,4,Active
14,1998-04,3,Active
14,1998-05,5,Active
14,1998-06,5,Active
14,1998-07,4,Active
14,1998-08,4,Active
14,1998-09,4,Active
14,1998-10,3,Active
14,1998-11,6,Active
14,1998-12,6,Active
15,1993-10,3,Active
15,1993-11,3,Active
15,1993-12,4,Active
15,1994-01,2,Active
15,1994-02,3,Active
15,1994-03,8,Active
15,1994-04,5,Active
15,1994-05,4,Active
15,1994-06,5,Active
15,1994-07,5,Active
15,1994-08,4,Active
15,1994-09,5,Active
15,1994-10,6,Active
15,1994-11,4,Active
15,1994-12,6,Active
15,1995-01,12,Active
15,1995-02,4,Active
15,1995-03,3,Active
15,1995-04,4,Active
15,1995-05,4,Active
15,1995-06,5,Active
15,1995-07,4,Active
15,1995-08,5,Active
15,1995-09,5,Active
15,1995-10,5,Active
15,1995-11,5,Active
15,1995-12,6,Active
15,1996-01,11,Active
15,1996-02,4,Active
15,1996-03,5,Active
15,1996-04,4,Active
15,1996-05,5,Active
15,1996-06,5,Active
15,1996-07,3,Active
15,1996-08,6,Active
15,1996-09,6,Active
15,1996-10,4,Active
15,1996-11,5,Active
15,1996-12,4,Active
15,1997-01,11,Active
15,1997-02,5,Active
15,1997-03,4,Active
15,1997-04,6,Active
15,1997-05,3,Active
15,1997-06,3,Active
15,1997-07,5,Active
15,1997-08,4,Active
15,1997-09,3,Active
15,1997-10,3,Active
15,1997-11,2,Active
15,1997-12,5,Active
15,1998-01,10,Active
15,1998-02,3,Active
15,1998-03,6,Active
15,1998-04,4,Active
15,1998-05,3,Active
15,1998-06,4,Active
15,1998-07,4,Active
15,1998-08,4,Active
15,1998-09,4,Active
15,1998-10,4,Active
15,1998-11,4,Active
15,1998-12,3,Active
16,1997-09,1,"Low Activity"
16,1997-10,2,Active
16,1997-11,3,Active
16,1997-12,2,Active
16,1998-01,3,Active
16,1998-02,2,Active
16,1998-03,4,Active
16,1998-04,5,Active
16,1998-05,5,Active
16,1998-06,4,Active
16,1998-07,4,Active
16,1998-08,2,Active
16,1998-09,5,Active
16,1998-10,3,Active
16,1998-11,4,Active
16,1998-12,2,Active
17,1997-01,1,"Low Activity"
17,1997-02,1,"Low Activity"
17,1997-03,1,"Low Activity"
17,1997-04,1,"Low Activity"
17,1997-05,1,"Low Activity"
17,1997-07,1,"Low Activity"
17,1997-08,3,Active
17,1997-09,1,"Low Activity"
17,1997-10,1,"Low Activity"
17,1997-11,2,Active
17,1997-12,2,Active
17,1998-01,3,Active
17,1998-02,2,Active
17,1998-03,2,Active
17,1998-04,2,Active
17,1998-05,3,Active
17,1998-06,2,Active
17,1998-07,2,Active
17,1998-08,3,Active
17,1998-09,2,Active
17,1998-10,2,Active
17,1998-11,5,Active
17,1998-12,3,Active
18,1993-05,1,"Low Activity"
18,1993-06,1,"Low Activity"
18,1993-07,1,"Low Activity"
18,1993-08,1,"Low Activity"
18,1993-09,1,"Low Activity"
18,1993-10,1,"Low Activity"
18,1993-12,1,"Low Activity"
18,1994-01,3,Active
18,1994-02,2,Active
18,1994-03,5,Active
18,1994-04,2,Active
18,1994-05,3,Active
18,1994-06,6,Active
18,1994-07,6,Active
18,1994-08,8,Active
18,1994-09,10,Active
18,1994-10,7,Active
18,1994-11,7,Active
18,1994-12,6,Active
18,1995-01,5,Active
18,1995-02,3,Active
18,1995-03,3,Active
18,1995-04,5,Active
18,1995-05,3,Active
18,1995-06,4,Active
18,1995-07,3,Active
18,1995-08,4,Active
18,1995-09,2,Active
18,1995-10,3,Active
18,1995-11,4,Active
18,1995-12,2,Active
18,1996-01,5,Active
18,1996-02,6,Active
18,1996-03,3,Active
18,1996-04,2,Active
18,1996-05,7,Active
18,1996-06,5,Active
18,1996-07,4,Active
18,1996-08,3,Active
18,1996-09,5,Active
18,1996-10,4,Active
18,1996-11,3,Active
18,1996-12,4,Active
18,1997-01,8,Active
18,1997-02,3,Active
18,1997-03,5,Active
18,1997-04,4,Active
18,1997-05,4,Active
18,1997-06,5,Active
18,1997-07,5,Active
18,1997-08,7,Active
18,1997-09,6,Active
18,1997-10,8,Active
18,1997-11,7,Active
18,1997-12,7,Active
18,1998-01,4,Active
18,1998-02,3,Active
18,1998-03,6,Active
18,1998-04,6,Active
18,1998-05,6,Active
18,1998-06,4,Active
18,1998-07,5,Active
18,1998-08,4,Active
18,1998-09,3,Active
18,1998-10,4,Active
18,1998-11,7,Active
18,1998-12,6,Active
19,1995-04,3,Active
19,1995-05,3,Active
19,1995-06,2,Active
19,1995-07,3,Active
19,1995-08,6,Active
19,1995-09,7,Active
19,1995-10,5,Active
19,1995-11,6,Active
19,1995-12,7,Active
19,1996-01,8,Active
19,1996-02,5,Active
19,1996-03,7,Active
19,1996-04,7,Active
19,1996-05,7,Active
19,1996-06,8,Active
19,1996-07,7,Active
19,1996-08,6,Active
19,1996-09,5,Active
19,1996-10,7,Active
19,1996-11,6,Active
19,1996-12,7,Active
19,1997-01,6,Active
19,1997-02,6,Active
19,1997-03,7,Active
19,1997-04,5,Active
19,1997-05,5,Active
19,1997-06,4,Active
19,1997-07,5,Active
19,1997-08,7,Active
19,1997-09,5,Active
19,1997-10,7,Active
19,1997-11,5,Active
19,1997-12,7,Active
19,1998-01,8,Active
19,1998-02,5,Active
19,1998-03,4,Active
19,1998-04,4,Active
19,1998-05,4,Active
19,1998-06,7,Active
19,1998-07,6,Active
19,1998-08,4,Active
19,1998-09,7,Active
19,1998-10,6,Active
19,1998-11,9,Active
19,1998-12,4,Active
20,1996-08,1,"Low Activity"
20,1996-09,1,"Low Activity"
20,1996-10,1,"Low Activity"
20,1996-11,1,"Low Activity"
20,1996-12,1,"Low Activity"
20,1997-01,4,Active
20,1997-02,4,Active
20,1997-03,3,Active
20,1997-04,3,Active
20,1997-05,4,Active
20,1997-06,6,Active
20,1997-07,3,Active
20,1997-08,2,Active
20,1997-09,3,Active
20,1997-10,3,Active
20,1997-11,4,Active
20,1997-12,4,Active
20,1998-01,4,Active
20,1998-02,4,Active
20,1998-03,4,Active
20,1998-04,3,Active
20,1998-05,4,Active
20,1998-06,4,Active
20,1998-07,3,Active
20,1998-08,3,Active
20,1998-09,4,Active
20,1998-10,3,Active
20,1998-11,5,Active
20,1998-12,3,Active
21,1997-12,2,Active
21,1998-01,2,Active
21,1998-02,3,Active
21,1998-03,2,Active
21,1998-04,4,Active
21,1998-05,3,Active
21,1998-06,5,Active
21,1998-07,4,Active
21,1998-08,4,Active
21,1998-09,4,Active
21,1998-10,6,Active
21,1998-11,5,Active
21,1998-12,3,Active
22,1994-03,1,"Low Activity"
22,1994-04,2,Active
22,1994-05,3,Active
22,1994-06,2,Active
22,1994-07,2,Active
22,1994-08,4,Active
22,1994-09,4,Active
22,1994-10,5,Active
22,1994-11,4,Active
22,1994-12,5,Active
22,1995-01,7,Active
22,1995-02,5,Active
22,1995-03,5,Active
22,1995-04,4,Active
22,1995-05,4,Active
22,1995-06,4,Active
22,1995-07,5,Active
22,1995-08,4,Active
22,1995-09,5,Active
22,1995-10,5,Active
22,1995-11,4,Active
22,1995-12,4,Active
22,1996-01,6,Active
22,1996-02,4,Active
22,1996-03,4,Active
22,1996-04,3,Active
22,1996-05,5,Active
22,1996-06,6,Active
22,1996-07,4,Active
22,1996-08,2,Active
22,1996-09,4,Active
22,1996-10,3,Active
22,1996-11,4,Active
22,1996-12,5,Active
22,1997-01,8,Active
22,1997-02,2,Active
22,1997-03,5,Active
22,1997-04,4,Active
22,1997-05,5,Active
22,1997-06,7,Active
22,1997-07,5,Active
22,1997-08,5,Active
22,1997-09,4,Active
22,1997-10,5,Active
22,1997-11,5,Active
22,1997-12,6,Active
22,1998-01,6,Active
22,1998-02,4,Active
22,1998-03,5,Active
22,1998-04,5,Active
22,1998-05,6,Active
22,1998-06,4,Active
22,1998-07,3,Active
22,1998-08,5,Active
22,1998-09,4,Active
22,1998-10,3,Active
22,1998-11,4,Active
22,1998-12,3,Active
23,1993-05,1,"Low Activity"
23,1993-06,3,Active
23,1993-07,3,Active
23,1993-08,3,Active
23,1993-09,3,Active
23,1993-10,4,Active
23,1993-11,5,Active
23,1993-12,6,Active
23,1994-01,5,Active
23,1994-02,4,Active
23,1994-03,4,Active
23,1994-04,3,Active
23,1994-05,5,Active
23,1994-06,6,Active
23,1994-07,4,Active
23,1994-08,5,Active
23,1994-09,5,Active
23,1994-10,5,Active
23,1994-11,4,Active
23,1994-12,6,Active
23,1995-01,4,Active
23,1995-02,6,Active
23,1995-03,5,Active
23,1995-04,3,Active
23,1995-05,4,Active
23,1995-06,6,Active
23,1995-07,4,Active
23,1995-08,5,Active
23,1995-09,5,Active
23,1995-10,5,Active
23,1995-11,3,Active
23,1995-12,4,Active
23,1996-01,6,Active
23,1996-02,6,Active
23,1996-03,2,Active
23,1996-04,5,Active
23,1996-05,3,Active
23,1996-06,6,Active
23,1996-07,5,Active
23,1996-08,6,Active
23,1996-09,4,Active
23,1996-10,4,Active
23,1996-11,5,Active
23,1996-12,4,Active
23,1997-01,7,Active
23,1997-02,4,Active
23,1997-03,4,Active
23,1997-04,6,Active
23,1997-05,6,Active
23,1997-06,6,Active
23,1997-07,5,Active
23,1997-08,3,Active
23,1997-09,4,Active
23,1997-10,6,Active
23,1997-11,4,Active
23,1997-12,5,Active
23,1998-01,4,Active
23,1998-02,4,Active
23,1998-03,5,Active
23,1998-04,5,Active
23,1998-05,5,Active
23,1998-06,5,Active
23,1998-07,4,Active
23,1998-08,4,Active
23,1998-09,6,Active
23,1998-10,5,Active
23,1998-11,3,Active
23,1998-12,4,Active
24,1996-12,2,Active
24,1997-01,3,Active
24,1997-02,2,Active
24,1997-03,3,Active
24,1997-04,3,Active
24,1997-05,6,Active
24,1997-06,7,Active
24,1997-07,5,Active
24,1997-08,6,Active
24,1997-09,4,Active
24,1997-10,6,Active
24,1997-11,4,Active
24,1997-12,7,Active
24,1998-01,5,Active
24,1998-02,4,Active
24,1998-03,3,Active
24,1998-04,3,Active
24,1998-05,4,Active
24,1998-06,6,Active
24,1998-07,4,Active
24,1998-08,3,Active
24,1998-09,3,Active
24,1998-10,4,Active
24,1998-11,4,Active
24,1998-12,4,Active
25,1996-07,1,"Low Activity"
25,1996-08,1,"Low Activity"
25,1996-09,6,Active
25,1996-10,8,Active
25,1996-11,12,Active
25,1996-12,13,Active
25,1997-01,15,Active
25,1997-02,9,Active
25,1997-03,6,Active
25,1997-04,10,Active
25,1997-05,10,Active
25,1997-06,8,Active
25,1997-07,8,Active
25,1997-08,5,Active
25,1997-09,9,Active
25,1997-10,7,Active
25,1997-11,7,Active
25,1997-12,6,Active
25,1998-01,8,Active
25,1998-02,7,Active
25,1998-03,5,Active
25,1998-04,7,Active
25,1998-05,10,Active
25,1998-06,7,Active
25,1998-07,7,Active
25,1998-08,8,Active
25,1998-09,6,Active
25,1998-10,7,Active
25,1998-11,7,Active
25,1998-12,5,Active
26,1993-08,1,"Low Activity"
26,1993-09,2,Active
26,1993-10,3,Active
26,1993-11,3,Active
26,1993-12,4,Active
26,1994-01,7,Active
26,1994-02,3,Active
26,1994-03,7,Active
26,1994-04,4,Active
26,1994-05,4,Active
26,1994-06,4,Active
26,1994-07,4,Active
26,1994-08,7,Active
26,1994-09,4,Active
26,1994-10,3,Active
26,1994-11,4,Active
26,1994-12,4,Active
26,1995-01,6,Active
26,1995-02,4,Active
26,1995-03,6,Active
26,1995-04,5,Active
26,1995-05,5,Active
26,1995-06,7,Active
26,1995-07,4,Active
26,1995-08,4,Active
26,1995-09,5,Active
26,1995-10,3,Active
26,1995-11,4,Active
26,1995-12,6,Active
26,1996-01,6,Active
26,1996-02,5,Active
26,1996-03,4,Active
26,1996-04,4,Active
26,1996-05,4,Active
26,1996-06,4,Active
26,1996-07,5,Active
26,1996-08,4,Active
26,1996-09,4,Active
26,1996-10,5,Active
26,1996-11,5,Active
26,1996-12,5,Active
26,1997-01,4,Active
26,1997-02,4,Active
26,1997-03,5,Active
26,1997-04,5,Active
26,1997-05,5,Active
26,1997-06,4,Active
26,1997-07,5,Active
26,1997-08,4,Active
26,1997-09,4,Active
26,1997-10,5,Active
26,1997-11,5,Active
26,1997-12,4,Active
26,1998-01,6,Active
