account_id,total_transactions,latest_balance,balance_category,customer_segment
10520,28561,209637,1,Low-Engagement
9052,69696,196106,1,Low-Engagement
1029,50625,194119,1,Low-Engagement
2176,147456,193910,1,Low-Engagement
8856,122500,192662,1,Low-Engagement
10079,145161,189714,1,Low-Engagement
4276,87025,188635,1,Low-Engagement
863,198916,188348,1,Low-Engagement
1828,140625,186881,1,Low-Engagement
3364,91809,184988,1,Low-Engagement
2099,133225,184168,1,Low-Engagement
9627,90000,180290,1,Low-Engagement
390,52441,179943,1,Low-Engagement
1485,116964,178774,1,Low-Engagement
239,234256,178670,1,Low-Engagement
500,33856,177018,1,Low-Engagement
319,71824,176869,1,Low-Engagement
2122,171396,176243,1,Low-Engagement
10973,165649,175711,1,Low-Engagement
2933,145924,175151,1,Low-Engagement
5868,116281,174680,1,Low-Engagement
11053,14884,174213,1,Low-Engagement
10670,174724,173946,1,Low-Engagement
4743,154449,173875,1,Low-Engagement
7997,39204,173151,1,Low-Engagement
2187,38025,172962,1,Low-Engagement
5129,191844,171917,1,Low-Engagement
2894,124609,171642,1,Low-Engagement
1897,57600,171345,1,Low-Engagement
3967,26244,171098,1,Low-Engagement
3756,60516,170755,1,Low-Engagement
8931,87616,170683,1,Low-Engagement
4103,62500,170119,1,Low-Engagement
8316,139876,170072,1,Low-Engagement
8625,247009,169428,1,Low-Engagement
3760,126025,169292,1,Low-Engagement
699,104976,168651,1,Low-Engagement
291,19044,168515,1,Low-Engagement
11138,78961,168372,1,Low-Engagement
9814,134689,167778,1,Low-Engagement
5372,94249,167672,1,Low-Engagement
4377,106929,167492,1,Low-Engagement
2600,54289,166758,1,Low-Engagement
2762,267289,166548,1,Low-Engagement
9307,299209,166434,1,Low-Engagement
8759,145161,166412,1,Low-Engagement
1313,8836,165716,1,Low-Engagement
441,133225,165654,1,Low-Engagement
3521,145161,165362,1,Low-Engagement
539,106276,165299,1,Low-Engagement
11021,198916,165293,1,Low-Engagement
2599,68644,165026,1,Low-Engagement
6592,34969,164910,1,Low-Engagement
8212,182329,164831,1,Low-Engagement
8127,111556,164649,1,Low-Engagement
2741,84100,164580,1,Low-Engagement
3446,26244,163271,1,Low-Engagement
4616,12100,163270,1,Low-Engagement
3771,87025,163152,1,Low-Engagement
3402,95481,162809,1,Low-Engagement
2972,86436,162756,1,Low-Engagement
2419,138384,162567,1,Low-Engagement
186,128881,162314,1,Low-Engagement
363,87025,162310,1,Low-Engagement
3786,149769,162208,1,Low-Engagement
9707,194481,162172,1,Low-Engagement
2245,126736,161953,1,Low-Engagement
9337,219024,161685,1,Low-Engagement
82,80656,161574,1,Low-Engagement
1538,29929,161078,1,Low-Engagement
3602,19321,161020,1,Low-Engagement
4484,124609,160891,1,Low-Engagement
9265,285156,160661,1,Low-Engagement
10105,196249,160498,1,Low-Engagement
3594,70225,159777,1,Low-Engagement
7136,97969,159766,1,Low-Engagement
3526,37249,159738,1,Low-Engagement
6609,50625,159713,1,Low-Engagement
3018,11881,159656,1,Low-Engagement
4408,76729,159528,1,Low-Engagement
4321,171396,159484,1,Low-Engagement
7926,23716,159343,1,Low-Engagement
3562,29584,159286,1,Low-Engagement
7753,190969,159122,1,Low-Engagement
1139,35721,158959,1,Low-Engagement
3886,59536,158955,1,Low-Engagement
5870,5184,158654,1,Low-Engagement
4320,32761,158634,1,Low-Engagement
525,22500,158444,1,Low-Engagement
6701,180625,158344,1,Low-Engagement
3258,116281,158320,1,Low-Engagement
6463,44521,157981,1,Low-Engagement
7445,229441,157941,1,Low-Engagement
3038,37636,157871,1,Low-Engagement
2633,44100,157741,1,Low-Engagement
1338,243049,157455,1,Low-Engagement
7123,163216,157371,1,Low-Engagement
2912,106929,157338,1,Low-Engagement
8899,162409,157183,1,Low-Engagement
3674,235225,157161,1,Low-Engagement
4448,149769,157005,1,Low-Engagement
2962,139876,156950,1,Low-Engagement
4434,99856,156903,1,Low-Engagement
3920,73984,156780,1,Low-Engagement
1808,5929,156592,1,Low-Engagement
96,240100,156580,1,Low-Engagement
6289,63001,156504,1,Low-Engagement
10963,60516,156504,1,Low-Engagement
1965,152100,156484,1,Low-Engagement
2170,119716,156459,1,Low-Engagement
5817,26896,156401,1,Low-Engagement
72,35344,156396,1,Low-Engagement
5125,34225,156274,1,Low-Engagement
1605,147456,156040,1,Low-Engagement
2282,119716,156040,1,Low-Engagement
8041,141376,155918,1,Low-Engagement
8547,83521,155817,1,Low-Engagement
6555,139129,155811,1,Low-Engagement
18,84681,155603,1,Low-Engagement
11111,169744,155582,1,Low-Engagement
1022,65536,155581,1,Low-Engagement
803,36864,155437,1,Low-Engagement
3869,116281,155279,1,Low-Engagement
6910,42849,155241,1,Low-Engagement
2811,41616,155147,1,Low-Engagement
7957,77841,155066,1,Low-Engagement
9203,238144,154989,1,Low-Engagement
1453,132496,154844,1,Low-Engagement
2486,225625,154473,1,Low-Engagement
399,19881,154254,1,Low-Engagement
10738,196249,154192,1,Low-Engagement
10365,75625,154184,1,Low-Engagement
1032,123201,154149,1,Low-Engagement
2056,84681,154131,1,Low-Engagement
485,239121,154121,1,Low-Engagement
299,106276,154088,1,Low-Engagement
3240,30276,154038,1,Low-Engagement
9583,121801,153981,1,Low-Engagement
733,57600,153914,1,Low-Engagement
851,88804,153742,1,Low-Engagement
1106,108900,153689,1,Low-Engagement
816,165649,153641,1,Low-Engagement
2424,61504,153616,1,Low-Engagement
3260,203401,153565,1,Low-Engagement
3942,25921,153506,1,Low-Engagement
4596,101124,153404,1,Low-Engagement
8982,178929,153214,1,Low-Engagement
521,84100,153181,1,Low-Engagement
1490,22201,152999,1,Low-Engagement
10266,145924,152954,1,Low-Engagement
1125,9604,152858,1,Low-Engagement
8381,46225,152841,1,Low-Engagement
1953,8464,152837,1,Low-Engagement
1196,30976,152656,1,Low-Engagement
1646,47961,152529,1,Low-Engagement
1254,58564,152484,1,Low-Engagement
532,35344,152480,1,Low-Engagement
2130,12996,152383,1,Low-Engagement
2993,38809,152300,1,Low-Engagement
2707,109561,152118,1,Low-Engagement
4330,42025,152103,1,Low-Engagement
3714,152100,152090,1,Low-Engagement
5256,133956,152016,1,Low-Engagement
3424,192721,151731,1,Low-Engagement
2803,39204,151716,1,Low-Engagement
1772,68121,151677,1,Low-Engagement
5477,59536,151614,1,Low-Engagement
9656,157609,151547,1,Low-Engagement
4131,139129,151505,1,Low-Engagement
2378,150544,151483,1,Low-Engagement
619,50625,151453,1,Low-Engagement
1456,38025,151395,1,Low-Engagement
5428,157609,151180,1,Low-Engagement
211,6561,151101,1,Low-Engagement
9041,152881,151087,1,Low-Engagement
5422,148225,151062,1,Low-Engagement
501,44521,151036,1,Low-Engagement
2227,133225,151021,1,Low-Engagement
4746,16641,151002,1,Low-Engagement
10789,45369,150978,1,Low-Engagement
10411,63504,150941,1,Low-Engagement
1464,24025,150867,1,Low-Engagement
2219,196249,150805,1,Low-Engagement
2838,229441,150715,1,Low-Engagement
2321,145161,150593,1,Low-Engagement
4195,100489,150494,1,Low-Engagement
2216,156816,150481,1,Low-Engagement
1286,161604,150359,1,Low-Engagement
10131,128164,149948,1,Low-Engagement
7769,144400,149947,1,Low-Engagement
1948,40804,149751,1,Low-Engagement
2551,38809,149587,1,Low-Engagement
2763,170569,149581,1,Low-Engagement
2609,100489,149566,1,Low-Engagement
3330,50176,149504,1,Low-Engagement
4134,149769,149382,1,Low-Engagement
5593,67600,149337,1,Low-Engagement
1039,139129,149189,1,Low-Engagement
30,65025,149154,1,Low-Engagement
9790,88209,149106,1,Low-Engagement
10227,126736,148993,1,Low-Engagement
846,40000,148870,1,Low-Engagement
1695,148996,148835,1,Low-Engagement
1801,244036,148809,1,Low-Engagement
4214,29929,148787,1,Low-Engagement
3389,49284,148745,1,Low-Engagement
3516,6241,148627,1,Low-Engagement
3371,103684,148513,1,Low-Engagement
3253,81225,148482,1,Low-Engagement
2930,22201,148230,1,Low-Engagement
1805,113569,148229,1,Low-Engagement
1813,164025,148219,1,Low-Engagement
1641,54756,148141,1,Low-Engagement
2322,129600,148002,1,Low-Engagement
712,18225,147868,1,Low-Engagement
6636,142884,147828,1,Low-Engagement
6678,56644,147778,1,Low-Engagement
9591,155236,147603,1,Low-Engagement
2938,204304,147593,1,Low-Engagement
1893,26244,147449,1,Low-Engagement
3510,139129,147237,1,Low-Engagement
2179,100489,147190,1,Low-Engagement
4358,13225,147074,1,Low-Engagement
2265,50176,147060,1,Low-Engagement
7859,45369,146958,1,Low-Engagement
3279,58564,146955,1,Low-Engagement
218,39204,146909,1,Low-Engagement
3113,164025,146810,1,Low-Engagement
1247,133956,146738,1,Low-Engagement
4383,24336,146652,1,Low-Engagement
5891,150544,146570,1,Low-Engagement
3112,124609,146542,1,Low-Engagement
11079,40401,146540,1,Low-Engagement
624,127449,146488,1,Low-Engagement
2175,134689,146487,1,Low-Engagement
4237,60025,146486,1,Low-Engagement
2932,241081,146481,1,Low-Engagement
4503,63001,146480,1,Low-Engagement
1132,123201,146475,1,Low-Engagement
6273,123201,146350,1,Low-Engagement
1067,24025,146318,1,Low-Engagement
3785,149769,146168,1,Low-Engagement
2598,34225,146063,1,Low-Engagement
1404,190969,146017,1,Low-Engagement
3166,133225,145957,1,Low-Engagement
3437,22201,145943,1,Low-Engagement
1967,64516,145942,1,Low-Engagement
635,110224,145877,1,Low-Engagement
2660,114244,145798,1,Low-Engagement
2527,168921,145753,1,Low-Engagement
7907,25921,145666,1,Low-Engagement
2247,49284,145620,1,Low-Engagement
4346,48841,145586,1,Low-Engagement
1263,32761,145543,1,Low-Engagement
1598,11236,145536,1,Low-Engagement
3051,73984,145458,1,Low-Engagement
4269,37636,145427,1,Low-Engagement
3216,54289,145372,1,Low-Engagement
4014,68644,145368,1,Low-Engagement
378,73441,145352,1,Low-Engagement
3326,61504,145343,1,Low-Engagement
2228,88804,145318,1,Low-Engagement
730,136161,145142,1,Low-Engagement
2435,116964,145043,1,Low-Engagement
1066,21316,145024,1,Low-Engagement
4851,38025,144983,1,Low-Engagement
1169,135424,144963,1,Low-Engagement
2326,74529,144918,1,Low-Engagement
2710,23104,144886,1,Low-Engagement
7990,33856,144854,1,Low-Engagement
3713,132496,144829,1,Low-Engagement
5632,78400,144826,1,Low-Engagement
243,101124,144811,1,Low-Engagement
2897,8836,144761,1,Low-Engagement
3790,6241,144731,1,Low-Engagement
2720,18225,144694,1,Low-Engagement
6985,56169,144652,1,Low-Engagement
2647,104329,144584,1,Low-Engagement
3460,9409,144580,1,Low-Engagement
133,8649,144564,1,Low-Engagement
2537,18769,144509,1,Low-Engagement
11141,15876,144498,1,Low-Engagement
1896,101761,144478,1,Low-Engagement
6897,126025,144437,1,Low-Engagement
8957,135424,144392,1,Low-Engagement
4969,26244,144323,1,Low-Engagement
1005,127449,144310,1,Low-Engagement
10065,51529,144269,1,Low-Engagement
510,141376,144259,1,Low-Engagement
7795,94864,144248,1,Low-Engagement
1274,23104,144218,1,Low-Engagement
5602,24025,144178,1,Low-Engagement
3597,36100,144146,1,Low-Engagement
132,28561,144112,1,Low-Engagement
290,152100,144053,1,Low-Engagement
1591,20736,144038,1,Low-Engagement
452,43264,144004,1,Low-Engagement
5505,29929,143964,1,Low-Engagement
1004,37249,143846,1,Low-Engagement
1632,38416,143816,1,Low-Engagement
6649,26569,143764,1,Low-Engagement
2222,97344,143734,1,Low-Engagement
1407,21609,143697,1,Low-Engagement
3862,25600,143676,1,Low-Engagement
7231,143641,143645,1,Low-Engagement
1660,32761,143557,1,Low-Engagement
5366,98596,143535,1,Low-Engagement
3705,6400,143527,1,Low-Engagement
2859,116964,143332,1,Low-Engagement
10036,77841,143317,1,Low-Engagement
689,48841,143234,1,Low-Engagement
2295,25600,143128,1,Low-Engagement
4318,123201,143019,1,Low-Engagement
3311,33856,142996,1,Low-Engagement
3230,51076,142918,1,Low-Engagement
2625,43264,142891,1,Low-Engagement
417,28224,142889,1,Low-Engagement
1545,131769,142687,1,Low-Engagement
3859,21904,142668,1,Low-Engagement
277,72900,142646,1,Low-Engagement
2028,37636,142587,1,Low-Engagement
384,5476,142445,1,Low-Engagement
2628,117649,142420,1,Low-Engagement
1114,77284,142371,1,Low-Engagement
9549,23104,142358,1,Low-Engagement
347,112225,142312,1,Low-Engagement
2732,133225,142272,1,Low-Engagement
5228,137641,142169,1,Low-Engagement
8558,84100,142146,1,Low-Engagement
2857,11236,142118,1,Low-Engagement
5661,30976,142074,1,Low-Engagement
3735,67600,141990,1,Low-Engagement
4456,30276,141990,1,Low-Engagement
5065,117649,141961,1,Low-Engagement
3229,52900,141938,1,Low-Engagement
2338,5184,141884,1,Low-Engagement
2840,74529,141848,1,Low-Engagement
2959,88209,141814,1,Low-Engagement
6440,15376,141787,1,Low-Engagement
2749,95481,141721,1,Low-Engagement
2209,39601,141692,1,Low-Engagement
3374,109561,141659,1,Low-Engagement
3223,90601,141634,1,Low-Engagement
3646,75076,141521,1,Low-Engagement
2940,96100,141487,1,Low-Engagement
2867,88209,141450,1,Low-Engagement
1010,64009,141422,1,Low-Engagement
4088,44521,141417,1,Low-Engagement
10558,40804,141381,1,Low-Engagement
3689,31329,141170,1,Low-Engagement
3495,16384,141151,1,Low-Engagement
2262,20449,141146,1,Low-Engagement
3755,39204,141091,1,Low-Engagement
3265,36100,141016,1,Low-Engagement
3925,71824,140989,1,Low-Engagement
4336,9025,140929,1,Low-Engagement
4082,43681,140858,1,Low-Engagement
4342,49284,140823,1,Low-Engagement
5837,19321,140728,1,Low-Engagement
2246,26244,140706,1,Low-Engagement
3407,89401,140703,1,Low-Engagement
4995,71289,140650,1,Low-Engagement
4337,136161,140634,1,Low-Engagement
1694,106276,140582,1,Low-Engagement
6434,42436,140543,1,Low-Engagement
5395,29929,140530,1,Low-Engagement
3634,8100,140307,1,Low-Engagement
1478,16641,140296,1,Low-Engagement
8153,14884,140270,1,Low-Engagement
10812,9604,140246,1,Low-Engagement
1610,103041,140220,1,Low-Engagement
7487,32400,140214,1,Low-Engagement
1754,18225,140086,1,Low-Engagement
4350,97344,140046,1,Low-Engagement
10942,131044,139770,1,Low-Engagement
4258,30976,139516,1,Low-Engagement
456,106276,139482,1,Low-Engagement
3507,36481,139382,1,Low-Engagement
1684,76729,139315,1,Low-Engagement
10562,37636,139237,1,Low-Engagement
11186,70756,139172,1,Low-Engagement
4128,5184,139002,1,Low-Engagement
9750,128164,138621,1,Low-Engagement
5622,240100,138532,1,Low-Engagement
6083,34596,138401,1,Low-Engagement
3269,34596,138374,1,Low-Engagement
5250,13924,138320,1,Low-Engagement
10243,12769,138293,1,Low-Engagement
10019,47089,138173,1,Low-Engagement
7011,97969,137949,1,Low-Engagement
1780,113569,137726,1,Low-Engagement
10478,25281,137674,1,Low-Engagement
3589,15129,137630,1,Low-Engagement
3127,116281,137533,1,Low-Engagement
8132,152881,137532,1,Low-Engagement
2515,14400,137529,1,Low-Engagement
2572,106929,137506,1,Low-Engagement
4493,11025,137440,1,Low-Engagement
3450,13924,137396,1,Low-Engagement
4047,42025,137367,1,Low-Engagement
2988,20449,137330,1,Low-Engagement
1583,84100,137263,1,Low-Engagement
2586,9216,137262,1,Low-Engagement
960,87616,137223,1,Low-Engagement
377,87616,137194,1,Low-Engagement
1230,10201,137173,1,Low-Engagement
31,111556,137130,1,Low-Engagement
4079,227529,137121,1,Low-Engagement
11333,111556,137043,1,Low-Engagement
1237,96100,136970,1,Low-Engagement
337,28561,136965,1,Low-Engagement
649,86436,136888,1,Low-Engagement
1651,7056,136677,1,Low-Engagement
1124,45796,136665,1,Low-Engagement
1804,97969,136575,1,Low-Engagement
266,73441,136509,1,Low-Engagement
777,5184,136506,1,Low-Engagement
1715,22801,136361,1,Low-Engagement
7203,60025,136358,1,Low-Engagement
1009,45796,136344,1,Low-Engagement
1787,120409,136245,1,Low-Engagement
3337,18225,136228,1,Low-Engagement
2267,62500,136197,1,Low-Engagement
11328,15376,136153,1,Low-Engagement
9353,40804,136150,1,Low-Engagement
9104,131769,136137,1,Low-Engagement
1725,44100,136073,1,Low-Engagement
4375,14161,135944,1,Low-Engagement
4937,215296,135934,1,Low-Engagement
11317,15129,135890,1,Low-Engagement
263,21904,135863,1,Low-Engagement
3200,23409,135814,1,Low-Engagement
1242,30625,135760,1,Low-Engagement
2240,20736,135704,1,Low-Engagement
9225,55696,135697,1,Low-Engagement
8628,24649,135687,1,Low-Engagement
3690,8836,135681,1,Low-Engagement
9333,26896,135671,1,Low-Engagement
8566,157609,135668,1,Low-Engagement
5001,47089,135658,1,Low-Engagement
3286,40804,135656,1,Low-Engagement
8073,184900,135607,1,Low-Engagement
5313,233289,135577,1,Low-Engagement
10650,5041,135473,1,Low-Engagement
2799,128164,135410,1,Low-Engagement
3106,5476,135360,1,Low-Engagement
3386,54289,135319,1,Low-Engagement
2445,27556,135318,1,Low-Engagement
4894,117649,135209,1,Low-Engagement
3990,11025,135149,1,Low-Engagement
245,85849,135093,1,Low-Engagement
3921,63504,135087,1,Low-Engagement
4003,12100,135079,1,Low-Engagement
67,87025,134939,1,Low-Engagement
718,53361,134873,1,Low-Engagement
2509,17161,134815,1,Low-Engagement
2144,37636,134758,1,Low-Engagement
6265,27889,134714,1,Low-Engagement
10645,15876,134650,1,Low-Engagement
2003,32041,134646,1,Low-Engagement
5742,45796,134524,1,Low-Engagement
2254,36481,134473,1,Low-Engagement
2922,65025,134460,1,Low-Engagement
179,8649,134432,1,Low-Engagement
2089,11025,134369,1,Low-Engagement
4171,110224,134273,1,Low-Engagement
2087,123201,134265,1,Low-Engagement
5423,177241,134222,1,Low-Engagement
25,50625,134210,1,Low-Engagement
1580,32761,134157,1,Low-Engagement
3401,3844,134128,1,Low-Engagement
1962,40000,134061,1,Low-Engagement
2915,106929,134041,1,Low-Engagement
3089,34969,133969,1,Low-Engagement
1416,98596,133930,1,Low-Engagement
437,114244,133785,1,Low-Engagement
790,122500,133758,1,Low-Engagement
3014,58564,133758,1,Low-Engagement
3907,21025,133750,1,Low-Engagement
1919,65536,133745,1,Low-Engagement
8260,116964,133732,1,Low-Engagement
6157,24336,133662,1,Low-Engagement
3622,60025,133648,1,Low-Engagement
1330,17689,133568,1,Low-Engagement
2092,62500,133460,1,Low-Engagement
7774,155236,133452,1,Low-Engagement
1368,9216,133420,1,Low-Engagement
685,42849,133281,1,Low-Engagement
897,182329,133191,1,Low-Engagement
1071,122500,133188,1,Low-Engagement
2051,40000,133188,1,Low-Engagement
5740,101124,133182,1,Low-Engagement
2086,20736,133070,1,Low-Engagement
7894,52900,133012,1,Low-Engagement
2571,8836,132927,1,Low-Engagement
862,135424,132920,1,Low-Engagement
2218,66564,132229,1,Low-Engagement
5194,82944,132173,1,Low-Engagement
6511,60025,132089,1,Low-Engagement
7594,57121,132088,1,Low-Engagement
6034,148996,132074,1,Low-Engagement
4462,30276,132047,1,Low-Engagement
1480,20164,132025,1,Low-Engagement
645,9216,131914,1,Low-Engagement
8896,45796,131911,1,Low-Engagement
1757,40401,131906,1,Low-Engagement
7606,101761,131904,1,Low-Engagement
1701,125316,131901,1,Low-Engagement
6226,110224,131893,1,Low-Engagement
120,40401,131889,1,Low-Engagement
10906,126025,131758,1,Low-Engagement
2116,34596,131664,1,Low-Engagement
2007,9025,131593,1,Low-Engagement
2384,42025,131556,1,Low-Engagement
5574,97969,131517,1,Low-Engagement
68,96100,131470,1,Low-Engagement
940,58564,131384,1,Low-Engagement
9472,159201,131365,1,Low-Engagement
1319,4489,131331,1,Low-Engagement
11244,17424,131320,1,Low-Engagement
7181,55225,131288,1,Low-Engagement
3876,69169,131271,1,Low-Engagement
3353,34225,131271,1,Low-Engagement
2877,50176,131160,1,Low-Engagement
1304,19044,131152,1,Low-Engagement
1511,94249,131127,1,Low-Engagement
2111,72361,131076,1,Low-Engagement
2594,10609,131058,1,Low-Engagement
709,67081,131045,1,Low-Engagement
4361,35344,130981,1,Low-Engagement
472,14641,130885,1,Low-Engagement
2982,52441,130796,1,Low-Engagement
2190,37636,130735,1,Low-Engagement
7966,19881,130680,1,Low-Engagement
3189,30276,130659,1,Low-Engagement
4537,19881,130618,1,Low-Engagement
3567,77284,130543,1,Low-Engagement
2966,17689,130528,1,Low-Engagement
1523,4225,130481,1,Low-Engagement
125,17956,130433,1,Low-Engagement
7562,54756,130409,1,Low-Engagement
1733,19321,130294,1,Low-Engagement
3591,25921,130280,1,Low-Engagement
5196,12321,130168,1,Low-Engagement
6118,131044,130105,1,Low-Engagement
2080,9216,130060,1,Low-Engagement
7745,23409,129844,1,Low-Engagement
3815,21025,129828,1,Low-Engagement
66,74529,129813,1,Low-Engagement
3322,25281,129743,1,Low-Engagement
487,26244,129719,1,Low-Engagement
3344,13225,129694,1,Low-Engagement
494,151321,129674,1,Low-Engagement
625,35721,129640,1,Low-Engagement
5735,74529,129626,1,Low-Engagement
4423,73441,129608,1,Low-Engagement
9528,27889,129572,1,Low-Engagement
9006,148996,129557,1,Low-Engagement
397,76729,129548,1,Low-Engagement
3037,52441,129394,1,Low-Engagement
2576,117649,129341,1,Low-Engagement
9883,149769,129307,1,Low-Engagement
10710,33856,129263,1,Low-Engagement
8533,66564,129178,1,Low-Engagement
2418,26896,129046,1,Low-Engagement
3864,41616,128941,1,Low-Engagement
5120,134689,128939,1,Low-Engagement
4405,19044,128880,1,Low-Engagement
9826,28224,128821,1,Low-Engagement
3299,5184,128818,1,Low-Engagement
3217,12769,128792,1,Low-Engagement
4447,25281,128779,1,Low-Engagement
950,85264,128742,1,Low-Engagement
6473,180625,128712,1,Low-Engagement
4255,103684,128467,1,Low-Engagement
6321,54756,128460,1,Low-Engagement
967,10404,128400,1,Low-Engagement
2546,77284,128389,1,Low-Engagement
1396,28224,128388,1,Low-Engagement
1838,51984,128334,1,Low-Engagement
8377,111556,128308,1,Low-Engagement
3114,16641,128229,1,Low-Engagement
8027,112896,128206,1,Low-Engagement
2471,125316,128195,1,Low-Engagement
9422,50176,128146,1,Low-Engagement
2062,43681,128146,1,Low-Engagement
2126,9409,128144,1,Low-Engagement
9167,25281,128130,1,Low-Engagement
3733,24025,128079,1,Low-Engagement
10152,8281,127988,1,Low-Engagement
1040,20736,127976,1,Low-Engagement
3153,47961,127938,1,Low-Engagement
4948,38809,127808,1,Low-Engagement
4293,33489,127752,1,Low-Engagement
4116,6084,127678,1,Low-Engagement
595,16641,127630,1,Low-Engagement
7614,54756,127567,1,Low-Engagement
4533,10609,127543,1,Low-Engagement
8341,16641,127536,1,Low-Engagement
3314,1936,127467,1,Low-Engagement
339,27556,127425,1,Low-Engagement
9633,63001,127403,1,Low-Engagement
3255,7056,127380,1,Low-Engagement
9491,35344,127324,1,Low-Engagement
1906,33856,127317,1,Low-Engagement
9377,80656,127076,1,Low-Engagement
1939,34225,127047,1,Low-Engagement
2480,7569,127009,1,Low-Engagement
2072,81225,126871,1,Low-Engagement
2242,128164,126832,1,Low-Engagement
8327,70756,126815,1,Low-Engagement
3675,139876,126803,1,Low-Engagement
1845,6084,126773,1,Low-Engagement
10257,17689,126763,1,Low-Engagement
7049,3600,126715,1,Low-Engagement
6158,8281,126697,1,Low-Engagement
2971,44944,126668,1,Low-Engagement
7674,43681,126645,1,Low-Engagement
3233,60516,126586,1,Low-Engagement
176,44521,126553,1,Low-Engagement
1718,4900,126478,1,Low-Engagement
167,27225,126467,1,Low-Engagement
3558,208849,126454,1,Low-Engagement
3074,64516,126448,1,Low-Engagement
1374,22201,126404,1,Low-Engagement
9833,195364,126389,1,Low-Engagement
3403,12996,126305,1,Low-Engagement
844,94249,126302,1,Low-Engagement
3614,32041,126282,1,Low-Engagement
5270,154449,125826,1,Low-Engagement
4253,27556,125820,1,Low-Engagement
5011,137641,125712,1,Low-Engagement
5133,23716,125665,1,Low-Engagement
1745,13924,125602,1,Low-Engagement
3467,41616,125577,1,Low-Engagement
3624,27556,125523,1,Low-Engagement
1461,28900,125462,1,Low-Engagement
7815,107584,125387,1,Low-Engagement
4514,82944,125376,1,Low-Engagement
200,45369,125341,1,Low-Engagement
1819,23104,125319,1,Low-Engagement
4768,25921,125262,1,Low-Engagement
2934,19321,125178,1,Low-Engagement
4086,15625,125103,1,Low-Engagement
1779,156816,124937,1,Low-Engagement
412,33124,124911,1,Low-Engagement
1392,126025,124909,1,Low-Engagement
10663,140625,124901,1,Low-Engagement
1154,11025,124834,1,Low-Engagement
6030,96100,124819,1,Low-Engagement
3418,25921,124818,1,Low-Engagement
4000,146689,124796,1,Low-Engagement
103,26896,124758,1,Low-Engagement
3367,131769,124701,1,Low-Engagement
7824,74529,124557,1,Low-Engagement
4259,134689,124466,1,Low-Engagement
5648,7225,124452,1,Low-Engagement
9051,16900,124304,1,Low-Engagement
10607,24649,124298,1,Low-Engagement
1993,47961,124297,1,Low-Engagement
3851,10609,124259,1,Low-Engagement
4999,39204,124254,1,Low-Engagement
5698,7569,124072,1,Low-Engagement
3300,5476,124057,1,Low-Engagement
1305,73441,124052,1,Low-Engagement
2013,8649,123956,1,Low-Engagement
3745,156816,123944,1,Low-Engagement
1408,13225,123851,1,Low-Engagement
2125,3969,123826,1,Low-Engagement
3693,145161,123810,1,Low-Engagement
3156,2500,123801,1,Low-Engagement
4727,76729,123789,1,Low-Engagement
3290,10816,123730,1,Low-Engagement
3789,16900,123718,1,Low-Engagement
33,80089,123696,1,Low-Engagement
2082,123904,123630,1,Low-Engagement
993,7225,123602,1,Low-Engagement
2889,28224,123527,1,Low-Engagement
84,31329,123506,1,Low-Engagement
3496,5476,123415,1,Low-Engagement
8149,13924,123378,1,Low-Engagement
2754,39601,123335,1,Low-Engagement
2818,114921,123292,1,Low-Engagement
212,121104,123283,1,Low-Engagement
144,13456,123234,1,Low-Engagement
5442,184900,123222,1,Low-Engagement
9138,26896,123191,1,Low-Engagement
2929,32400,123165,1,Low-Engagement
3654,100489,123144,1,Low-Engagement
3163,10000,123108,1,Low-Engagement
5066,67081,122985,1,Low-Engagement
11013,186624,122893,1,Low-Engagement
99,43264,122885,1,Low-Engagement
498,66564,122852,1,Low-Engagement
3905,11025,122674,1,Low-Engagement
8173,127449,122524,1,Low-Engagement
2506,24025,122508,1,Low-Engagement
2824,121801,122482,1,Low-Engagement
6927,23104,122462,1,Low-Engagement
3994,20449,122338,1,Low-Engagement
4035,98596,122101,1,Low-Engagement
4580,93636,122090,1,Low-Engagement
574,99225,121984,1,Low-Engagement
3923,88804,121940,1,Low-Engagement
2464,151321,121856,1,Low-Engagement
2977,21316,121755,1,Low-Engagement
2646,11664,121751,1,Low-Engagement
915,65536,121713,1,Low-Engagement
3472,26569,121694,1,Low-Engagement
1935,12996,121616,1,Low-Engagement
5283,5184,121425,1,Low-Engagement
11069,49729,121370,1,Low-Engagement
3036,45369,121318,1,Low-Engagement
2319,18225,121284,1,Low-Engagement
991,104976,121246,1,Low-Engagement
2355,53824,121150,1,Low-Engagement
9703,150544,121079,1,Low-Engagement
566,5184,121076,1,Low-Engagement
1093,34596,121006,1,Low-Engagement
2790,55225,120939,1,Low-Engagement
387,2704,120922,1,Low-Engagement
2356,8649,120896,1,Low-Engagement
1862,53824,120872,1,Low-Engagement
651,105625,120861,1,Low-Engagement
1221,12544,120834,1,Low-Engagement
3228,25600,120788,1,Low-Engagement
2796,4624,120739,1,Low-Engagement
3005,6084,120715,1,Low-Engagement
10679,8464,120516,1,Low-Engagement
1251,31329,120490,1,Low-Engagement
10493,19881,120474,1,Low-Engagement
9560,4761,120447,1,Low-Engagement
1284,7056,120420,1,Low-Engagement
10202,27889,120228,1,Low-Engagement
3833,4096,120180,1,Low-Engagement
6472,100489,120071,1,Low-Engagement
3617,126736,119982,1,Low-Engagement
7857,193600,119871,1,Low-Engagement
511,9801,119767,1,Low-Engagement
3090,16641,119655,1,Low-Engagement
648,87616,119634,1,Low-Engagement
1994,82369,119606,1,Low-Engagement
1127,119025,119594,1,Low-Engagement
2390,33124,119584,1,Low-Engagement
4329,98596,119549,1,Low-Engagement
10134,15129,119446,1,Low-Engagement
3296,34225,119399,1,Low-Engagement
1016,111556,119384,1,Low-Engagement
5481,108900,119383,1,Low-Engagement
4144,23409,119288,1,Low-Engagement
227,42436,119200,1,Low-Engagement
2882,12321,119173,1,Low-Engagement
596,41616,119151,1,Low-Engagement
1344,37636,119110,1,Low-Engagement
7765,75076,119101,1,Low-Engagement
5213,64516,119010,1,Low-Engagement
1146,115600,118997,1,Low-Engagement
2532,12100,118822,1,Low-Engagement
10694,25600,118734,1,Low-Engagement
796,2116,118645,1,Low-Engagement
463,48400,118528,1,Low-Engagement
3161,15625,118470,1,Low-Engagement
2195,43681,118374,1,Low-Engagement
3778,106276,118360,1,Low-Engagement
8039,49284,118295,1,Low-Engagement
10439,116964,118147,1,Low-Engagement
1732,20449,118028,1,Low-Engagement
405,15129,117964,1,Low-Engagement
3875,3136,117929,1,Low-Engagement
6148,116281,117838,1,Low-Engagement
4332,2916,117827,1,Low-Engagement
3770,32400,117773,1,Low-Engagement
1749,30625,117751,1,Low-Engagement
3499,11881,117592,1,Low-Engagement
3035,142129,117590,1,Low-Engagement
4078,72361,117561,1,Low-Engagement
1389,11449,117375,1,Low-Engagement
5267,35721,117299,1,Low-Engagement
1750,157609,117246,1,Low-Engagement
6461,29241,117063,1,Low-Engagement
2641,116281,117023,1,Low-Engagement
3768,8281,116983,1,Low-Engagement
2574,121104,116946,1,Low-Engagement
270,38809,116900,1,Low-Engagement
7733,31329,116826,1,Low-Engagement
3050,194481,116804,1,Low-Engagement
1518,89401,116699,1,Low-Engagement
1332,121104,116646,1,Low-Engagement
6062,27889,116559,1,Low-Engagement
1502,8100,116552,1,Low-Engagement
1508,21609,116544,1,Low-Engagement
9403,142884,116468,1,Low-Engagement
3382,1369,116379,1,Low-Engagement
3999,175561,116340,1,Low-Engagement
4715,16641,116294,1,Low-Engagement
126,79524,116119,1,Low-Engagement
1498,14161,116112,1,Low-Engagement
3413,162409,116067,1,Low-Engagement
7965,116964,116015,1,Low-Engagement
268,22201,115966,1,Low-Engagement
1685,15876,115940,1,Low-Engagement
7424,51984,115856,1,Low-Engagement
4949,14884,115849,1,Low-Engagement
3726,26244,115658,1,Low-Engagement
3448,17956,115629,1,Low-Engagement
8523,24964,115610,1,Low-Engagement
1417,51076,115548,1,Low-Engagement
2001,76176,115464,1,Low-Engagement
4659,93636,115427,1,Low-Engagement
1922,18769,115427,1,Low-Engagement
2350,24336,115356,1,Low-Engagement
7101,16641,115330,1,Low-Engagement
8158,30625,115150,1,Low-Engagement
3664,32041,115113,1,Low-Engagement
885,128164,114965,1,Low-Engagement
6950,14400,114953,1,Low-Engagement
3579,62500,114916,1,Low-Engagement
3225,99225,114813,1,Low-Engagement
11325,17424,114709,1,Low-Engagement
1963,28561,114627,1,Low-Engagement
3896,40804,114615,1,Low-Engagement
1151,42849,114558,1,Low-Engagement
5952,226576,114517,1,Low-Engagement
4273,16384,114464,1,Low-Engagement
5794,38025,114176,1,Low-Engagement
1378,192721,114101,1,Low-Engagement
1527,117649,114080,1,Low-Engagement
886,105625,114063,1,Low-Engagement
9640,170569,114034,1,Low-Engagement
1384,23409,114021,1,Low-Engagement
7944,87616,113983,1,Low-Engagement
2678,3969,113971,1,Low-Engagement
1112,37249,113905,1,Low-Engagement
3608,87616,113866,1,Low-Engagement
10068,15376,113862,1,Low-Engagement
11349,56169,113679,1,Low-Engagement
4994,28900,113565,1,Low-Engagement
2635,25921,113376,1,Low-Engagement
2854,10609,113359,1,Low-Engagement
2781,62500,113230,1,Low-Engagement
2927,2401,113126,1,Low-Engagement
1160,27225,113102,1,Low-Engagement
5063,24649,113049,1,Low-Engagement
3273,51529,113023,1,Low-Engagement
1272,59536,112968,1,Low-Engagement
3505,100489,112896,1,Low-Engagement
11042,67600,112781,1,Low-Engagement
4354,13924,112776,1,Low-Engagement
1934,105625,112712,1,Low-Engagement
722,7569,112556,1,Low-Engagement
2427,101124,112553,1,Low-Engagement
3609,123904,112549,1,Low-Engagement
4626,21904,112215,1,Low-Engagement
6510,19321,112176,1,Low-Engagement
10644,8464,111939,1,Low-Engagement
3503,62500,111880,1,Low-Engagement
3788,146689,111776,1,Low-Engagement
8085,33489,111671,1,Low-Engagement
610,43681,111440,1,Low-Engagement
2827,8649,111440,1,Low-Engagement
3455,28561,111360,1,Low-Engagement
1372,121801,111312,1,Low-Engagement
1411,106929,111266,1,Low-Engagement
9646,15129,111246,1,Low-Engagement
544,45369,111236,1,Low-Engagement
5180,4356,111219,1,Low-Engagement
10280,16641,111160,1,Low-Engagement
849,16900,111108,1,Low-Engagement
404,56169,111099,1,Low-Engagement
3084,27556,111044,1,Low-Engagement
3069,113569,110980,1,Low-Engagement
977,119025,110968,1,Low-Engagement
1203,70756,110912,1,Low-Engagement
4470,91809,110850,1,Low-Engagement
2695,86436,110825,1,Low-Engagement
3665,3364,110698,1,Low-Engagement
1243,4356,110553,1,Low-Engagement
759,104329,110409,1,Low-Engagement
1362,4900,110286,1,Low-Engagement
10807,24336,110281,1,Low-Engagement
4225,82944,110231,1,Low-Engagement
426,128881,110028,1,Low-Engagement
8094,13225,110011,1,Low-Engagement
1410,100489,109901,1,Low-Engagement
981,52900,109893,1,Low-Engagement
160,122500,109832,1,Low-Engagement
3971,14161,109701,1,Low-Engagement
3086,83521,109688,1,Low-Engagement
5758,10816,109635,1,Low-Engagement
1184,71289,109566,1,Low-Engagement
3638,26244,109538,1,Low-Engagement
11231,16384,109530,1,Low-Engagement
2759,16129,109464,1,Low-Engagement
3953,12100,109399,1,Low-Engagement
180,82369,109218,1,Low-Engagement
9236,199809,109183,1,Low-Engagement
2211,2601,109057,1,Low-Engagement
1654,18496,108950,1,Low-Engagement
10788,113569,108909,1,Low-Engagement
1204,116964,108871,1,Low-Engagement
1350,15376,108718,1,Low-Engagement
2450,30976,108553,1,Low-Engagement
3914,34225,108542,1,Low-Engagement
47,182329,108509,1,Low-Engagement
4156,6724,108287,1,Low-Engagement
8026,8464,108266,1,Low-Engagement
3471,12769,108264,1,Low-Engagement
2124,149769,108250,1,Low-Engagement
3368,49284,108180,1,Low-Engagement
2995,4225,108137,1,Low-Engagement
1539,158404,108107,1,Low-Engagement
2752,23104,108068,1,Low-Engagement
3746,23716,108052,1,Low-Engagement
3781,98596,108047,1,Low-Engagement
3766,9409,107952,1,Low-Engagement
4416,114921,107916,1,Low-Engagement
1910,16641,107910,1,Low-Engagement
3003,29241,107816,1,Low-Engagement
2968,66564,107797,1,Low-Engagement
573,6561,107686,1,Low-Engagement
748,106929,107685,1,Low-Engagement
3968,24025,107611,1,Low-Engagement
2860,7921,107595,1,Low-Engagement
797,12100,107581,1,Low-Engagement
3151,27889,107492,1,Low-Engagement
3325,3481,107473,1,Low-Engagement
1576,16641,107456,1,Low-Engagement
11295,221841,107414,1,Low-Engagement
4286,8649,107351,1,Low-Engagement
738,185761,107268,1,Low-Engagement
6400,49284,106817,1,Low-Engagement
253,23716,106815,1,Low-Engagement
1878,47524,106611,1,Low-Engagement
7713,14884,106608,1,Low-Engagement
222,97344,106492,1,Low-Engagement
3141,52900,106448,1,Low-Engagement
2167,104329,106418,1,Low-Engagement
10361,17689,106369,1,Low-Engagement
7636,26896,106334,1,Low-Engagement
911,13456,106282,1,Low-Engagement
4413,89401,106145,1,Low-Engagement
2699,20164,106137,1,Low-Engagement
1519,41616,106093,1,Low-Engagement
9201,25921,106090,1,Low-Engagement
904,52900,106048,1,Low-Engagement
4527,5776,105898,1,Low-Engagement
3466,67600,105687,1,Low-Engagement
1074,14161,105596,1,Low-Engagement
1328,21609,105580,1,Low-Engagement
7274,5625,105561,1,Low-Engagement
2004,19321,105528,1,Low-Engagement
3315,25281,105527,1,Low-Engagement
2444,4356,105483,1,Low-Engagement
10093,156025,105474,1,Low-Engagement
3723,19600,105445,1,Low-Engagement
1540,52900,105376,1,Low-Engagement
1309,45796,105311,1,Low-Engagement
285,30276,105299,1,Low-Engagement
486,25600,105292,1,Low-Engagement
4863,35344,105254,1,Low-Engagement
1056,5476,105251,1,Low-Engagement
741,77841,105229,1,Low-Engagement
2884,107584,105066,1,Low-Engagement
1978,186624,105026,1,Low-Engagement
10063,28561,105025,1,Low-Engagement
1297,120409,105000,1,Low-Engagement
191,8100,104998,1,Low-Engagement
1007,25281,104968,1,Low-Engagement
3387,13924,104926,1,Low-Engagement
8519,190969,104902,1,Low-Engagement
8564,187489,104676,1,Low-Engagement
3444,3969,104548,1,Low-Engagement
969,105625,104518,1,Low-Engagement
8998,32400,104407,1,Low-Engagement
2472,79524,104394,1,Low-Engagement
2547,41616,104309,1,Low-Engagement
2885,19600,104303,1,Low-Engagement
1255,7056,104284,1,Low-Engagement
2494,97344,104188,1,Low-Engagement
9859,33856,104170,1,Low-Engagement
1614,22801,104069,1,Low-Engagement
2109,7225,103989,1,Low-Engagement
1080,83521,103905,1,Low-Engagement
1452,24649,103890,1,Low-Engagement
1438,4225,103886,1,Low-Engagement
3293,13456,103769,1,Low-Engagement
6856,61009,103753,1,Low-Engagement
3711,7396,103750,1,Low-Engagement
1050,124609,103728,1,Low-Engagement
9031,20736,103702,1,Low-Engagement
5290,10609,103618,1,Low-Engagement
655,207025,103584,1,Low-Engagement
1998,79524,103477,1,Low-Engagement
1079,94249,103468,1,Low-Engagement
2550,60025,103420,1,Low-Engagement
3632,10816,103318,1,Low-Engagement
1339,3249,103302,1,Low-Engagement
1261,43681,103222,1,Low-Engagement
159,7921,103034,1,Low-Engagement
2287,20449,102996,1,Low-Engagement
