account_id,birth_date,gender,district_id,district_name,region,avg_salary,age_buckets
10973,1970-12-13,female,18,Pisek,"south Bohemia",8968,45-54
9156,1970-12-13,female,18,Pisek,"south Bohemia",8968,45-54
4237,1970-12-13,female,18,Pisek,"south Bohemia",8968,45-54
3921,1970-12-13,female,18,Pisek,"south Bohemia",8968,45-54
3904,1970-12-13,female,18,Pisek,"south Bohemia",8968,45-54
3821,1970-12-13,female,18,Pisek,"south Bohemia",8968,45-54
3633,1970-12-13,female,18,Pisek,"south Bohemia",8968,45-54
3602,1970-12-13,female,18,Pisek,"south Bohemia",8968,45-54
3559,1970-12-13,female,18,Pisek,"south Bohemia",8968,45-54
3540,1970-12-13,female,18,Pisek,"south Bohemia",8968,45-54
3287,1970-12-13,female,18,Pisek,"south Bohemia",8968,45-54
3192,1970-12-13,female,18,Pisek,"south Bohemia",8968,45-54
3167,1970-12-13,female,18,Pisek,"south Bohemia",8968,45-54
3109,1970-12-13,female,18,Pisek,"south Bohemia",8968,45-54
3088,1970-12-13,female,18,Pisek,"south Bohemia",8968,45-54
3079,1970-12-13,female,18,Pisek,"south Bohemia",8968,45-54
3003,1970-12-13,female,18,Pisek,"south Bohemia",8968,45-54
2987,1970-12-13,female,18,Pisek,"south Bohemia",8968,45-54
2812,1970-12-13,female,18,Pisek,"south Bohemia",8968,45-54
2726,1970-12-13,female,18,Pisek,"south Bohemia",8968,45-54
2636,1970-12-13,female,18,Pisek,"south Bohemia",8968,45-54
2520,1970-12-13,female,18,Pisek,"south Bohemia",8968,45-54
2479,1970-12-13,female,18,Pisek,"south Bohemia",8968,45-54
2421,1970-12-13,female,18,Pisek,"south Bohemia",8968,45-54
2402,1970-12-13,female,18,Pisek,"south Bohemia",8968,45-54
2350,1970-12-13,female,18,Pisek,"south Bohemia",8968,45-54
2309,1970-12-13,female,18,Pisek,"south Bohemia",8968,45-54
2174,1970-12-13,female,18,Pisek,"south Bohemia",8968,45-54
2076,1970-12-13,female,18,Pisek,"south Bohemia",8968,45-54
1919,1970-12-13,female,18,Pisek,"south Bohemia",8968,45-54
1796,1970-12-13,female,18,Pisek,"south Bohemia",8968,45-54
1765,1970-12-13,female,18,Pisek,"south Bohemia",8968,45-54
1733,1970-12-13,female,18,Pisek,"south Bohemia",8968,45-54
1632,1970-12-13,female,18,Pisek,"south Bohemia",8968,45-54
1552,1970-12-13,female,18,Pisek,"south Bohemia",8968,45-54
1301,1970-12-13,female,18,Pisek,"south Bohemia",8968,45-54
1171,1970-12-13,female,18,Pisek,"south Bohemia",8968,45-54
1149,1970-12-13,female,18,Pisek,"south Bohemia",8968,45-54
1049,1970-12-13,female,18,Pisek,"south Bohemia",8968,45-54
970,1970-12-13,female,18,Pisek,"south Bohemia",8968,45-54
945,1970-12-13,female,18,Pisek,"south Bohemia",8968,45-54
568,1970-12-13,female,18,Pisek,"south Bohemia",8968,45-54
431,1970-12-13,female,18,Pisek,"south Bohemia",8968,45-54
413,1970-12-13,female,18,Pisek,"south Bohemia",8968,45-54
343,1970-12-13,female,18,Pisek,"south Bohemia",8968,45-54
1,1970-12-13,female,18,Pisek,"south Bohemia",8968,45-54
11349,1945-02-04,male,1,"Hl.m. Praha",Prague,12541,65+
11231,1945-02-04,male,1,"Hl.m. Praha",Prague,12541,65+
11141,1945-02-04,male,1,"Hl.m. Praha",Prague,12541,65+
11111,1945-02-04,male,1,"Hl.m. Praha",Prague,12541,65+
11021,1945-02-04,male,1,"Hl.m. Praha",Prague,12541,65+
11013,1945-02-04,male,1,"Hl.m. Praha",Prague,12541,65+
10911,1945-02-04,male,1,"Hl.m. Praha",Prague,12541,65+
10762,1945-02-04,male,1,"Hl.m. Praha",Prague,12541,65+
10679,1945-02-04,male,1,"Hl.m. Praha",Prague,12541,65+
10652,1945-02-04,male,1,"Hl.m. Praha",Prague,12541,65+
10451,1945-02-04,male,1,"Hl.m. Praha",Prague,12541,65+
10404,1945-02-04,male,1,"Hl.m. Praha",Prague,12541,65+
10131,1945-02-04,male,1,"Hl.m. Praha",Prague,12541,65+
10093,1945-02-04,male,1,"Hl.m. Praha",Prague,12541,65+
10068,1945-02-04,male,1,"Hl.m. Praha",Prague,12541,65+
10036,1945-02-04,male,1,"Hl.m. Praha",Prague,12541,65+
10022,1945-02-04,male,1,"Hl.m. Praha",Prague,12541,65+
9897,1945-02-04,male,1,"Hl.m. Praha",Prague,12541,65+
9883,1945-02-04,male,1,"Hl.m. Praha",Prague,12541,65+
9646,1945-02-04,male,1,"Hl.m. Praha",Prague,12541,65+
9640,1945-02-04,male,1,"Hl.m. Praha",Prague,12541,65+
9560,1945-02-04,male,1,"Hl.m. Praha",Prague,12541,65+
9510,1945-02-04,male,1,"Hl.m. Praha",Prague,12541,65+
9472,1945-02-04,male,1,"Hl.m. Praha",Prague,12541,65+
9403,1945-02-04,male,1,"Hl.m. Praha",Prague,12541,65+
9377,1945-02-04,male,1,"Hl.m. Praha",Prague,12541,65+
9265,1945-02-04,male,1,"Hl.m. Praha",Prague,12541,65+
9192,1945-02-04,male,1,"Hl.m. Praha",Prague,12541,65+
9041,1945-02-04,male,1,"Hl.m. Praha",Prague,12541,65+
9037,1945-02-04,male,1,"Hl.m. Praha",Prague,12541,65+
9034,1945-02-04,male,1,"Hl.m. Praha",Prague,12541,65+
9024,1945-02-04,male,1,"Hl.m. Praha",Prague,12541,65+
8957,1945-02-04,male,1,"Hl.m. Praha",Prague,12541,65+
8926,1945-02-04,male,1,"Hl.m. Praha",Prague,12541,65+
8899,1945-02-04,male,1,"Hl.m. Praha",Prague,12541,65+
8784,1945-02-04,male,1,"Hl.m. Praha",Prague,12541,65+
8772,1945-02-04,male,1,"Hl.m. Praha",Prague,12541,65+
8759,1945-02-04,male,1,"Hl.m. Praha",Prague,12541,65+
8558,1945-02-04,male,1,"Hl.m. Praha",Prague,12541,65+
8327,1945-02-04,male,1,"Hl.m. Praha",Prague,12541,65+
8051,1945-02-04,male,1,"Hl.m. Praha",Prague,12541,65+
8041,1945-02-04,male,1,"Hl.m. Praha",Prague,12541,65+
7844,1945-02-04,male,1,"Hl.m. Praha",Prague,12541,65+
7674,1945-02-04,male,1,"Hl.m. Praha",Prague,12541,65+
7607,1945-02-04,male,1,"Hl.m. Praha",Prague,12541,65+
7465,1945-02-04,male,1,"Hl.m. Praha",Prague,12541,65+
7449,1945-02-04,male,1,"Hl.m. Praha",Prague,12541,65+
7401,1945-02-04,male,1,"Hl.m. Praha",Prague,12541,65+
7176,1945-02-04,male,1,"Hl.m. Praha",Prague,12541,65+
7133,1945-02-04,male,1,"Hl.m. Praha",Prague,12541,65+
7099,1945-02-04,male,1,"Hl.m. Praha",Prague,12541,65+
6806,1945-02-04,male,1,"Hl.m. Praha",Prague,12541,65+
6792,1945-02-04,male,1,"Hl.m. Praha",Prague,12541,65+
6649,1945-02-04,male,1,"Hl.m. Praha",Prague,12541,65+
6592,1945-02-04,male,1,"Hl.m. Praha",Prague,12541,65+
6440,1945-02-04,male,1,"Hl.m. Praha",Prague,12541,65+
6434,1945-02-04,male,1,"Hl.m. Praha",Prague,12541,65+
6321,1945-02-04,male,1,"Hl.m. Praha",Prague,12541,65+
6118,1945-02-04,male,1,"Hl.m. Praha",Prague,12541,65+
6061,1945-02-04,male,1,"Hl.m. Praha",Prague,12541,65+
6040,1945-02-04,male,1,"Hl.m. Praha",Prague,12541,65+
5991,1945-02-04,male,1,"Hl.m. Praha",Prague,12541,65+
5774,1945-02-04,male,1,"Hl.m. Praha",Prague,12541,65+
5698,1945-02-04,male,1,"Hl.m. Praha",Prague,12541,65+
5505,1945-02-04,male,1,"Hl.m. Praha",Prague,12541,65+
5472,1945-02-04,male,1,"Hl.m. Praha",Prague,12541,65+
5387,1945-02-04,male,1,"Hl.m. Praha",Prague,12541,65+
5213,1945-02-04,male,1,"Hl.m. Praha",Prague,12541,65+
5194,1945-02-04,male,1,"Hl.m. Praha",Prague,12541,65+
5125,1945-02-04,male,1,"Hl.m. Praha",Prague,12541,65+
5120,1945-02-04,male,1,"Hl.m. Praha",Prague,12541,65+
4999,1945-02-04,male,1,"Hl.m. Praha",Prague,12541,65+
4994,1945-02-04,male,1,"Hl.m. Praha",Prague,12541,65+
4753,1945-02-04,male,1,"Hl.m. Praha",Prague,12541,65+
4616,1945-02-04,male,1,"Hl.m. Praha",Prague,12541,65+
4368,1945-02-04,male,1,"Hl.m. Praha",Prague,12541,65+
4347,1945-02-04,male,1,"Hl.m. Praha",Prague,12541,65+
4329,1945-02-04,male,1,"Hl.m. Praha",Prague,12541,65+
4301,1945-02-04,male,1,"Hl.m. Praha",Prague,12541,65+
4287,1945-02-04,male,1,"Hl.m. Praha",Prague,12541,65+
4214,1945-02-04,male,1,"Hl.m. Praha",Prague,12541,65+
4208,1945-02-04,male,1,"Hl.m. Praha",Prague,12541,65+
4186,1945-02-04,male,1,"Hl.m. Praha",Prague,12541,65+
4173,1945-02-04,male,1,"Hl.m. Praha",Prague,12541,65+
4161,1945-02-04,male,1,"Hl.m. Praha",Prague,12541,65+
4144,1945-02-04,male,1,"Hl.m. Praha",Prague,12541,65+
4093,1945-02-04,male,1,"Hl.m. Praha",Prague,12541,65+
4035,1945-02-04,male,1,"Hl.m. Praha",Prague,12541,65+
4034,1945-02-04,male,1,"Hl.m. Praha",Prague,12541,65+
3996,1945-02-04,male,1,"Hl.m. Praha",Prague,12541,65+
3991,1945-02-04,male,1,"Hl.m. Praha",Prague,12541,65+
3985,1945-02-04,male,1,"Hl.m. Praha",Prague,12541,65+
3959,1945-02-04,male,1,"Hl.m. Praha",Prague,12541,65+
3953,1945-02-04,male,1,"Hl.m. Praha",Prague,12541,65+
3948,1945-02-04,male,1,"Hl.m. Praha",Prague,12541,65+
3925,1945-02-04,male,1,"Hl.m. Praha",Prague,12541,65+
3917,1945-02-04,male,1,"Hl.m. Praha",Prague,12541,65+
3909,1945-02-04,male,1,"Hl.m. Praha",Prague,12541,65+
3902,1945-02-04,male,1,"Hl.m. Praha",Prague,12541,65+
3891,1945-02-04,male,1,"Hl.m. Praha",Prague,12541,65+
3886,1945-02-04,male,1,"Hl.m. Praha",Prague,12541,65+
3884,1945-02-04,male,1,"Hl.m. Praha",Prague,12541,65+
3867,1945-02-04,male,1,"Hl.m. Praha",Prague,12541,65+
3862,1945-02-04,male,1,"Hl.m. Praha",Prague,12541,65+
3851,1945-02-04,male,1,"Hl.m. Praha",Prague,12541,65+
3842,1945-02-04,male,1,"Hl.m. Praha",Prague,12541,65+
3839,1945-02-04,male,1,"Hl.m. Praha",Prague,12541,65+
3827,1945-02-04,male,1,"Hl.m. Praha",Prague,12541,65+
3820,1945-02-04,male,1,"Hl.m. Praha",Prague,12541,65+
3815,1945-02-04,male,1,"Hl.m. Praha",Prague,12541,65+
3813,1945-02-04,male,1,"Hl.m. Praha",Prague,12541,65+
3811,1945-02-04,male,1,"Hl.m. Praha",Prague,12541,65+
3809,1945-02-04,male,1,"Hl.m. Praha",Prague,12541,65+
3801,1945-02-04,male,1,"Hl.m. Praha",Prague,12541,65+
3791,1945-02-04,male,1,"Hl.m. Praha",Prague,12541,65+
3790,1945-02-04,male,1,"Hl.m. Praha",Prague,12541,65+
3776,1945-02-04,male,1,"Hl.m. Praha",Prague,12541,65+
3767,1945-02-04,male,1,"Hl.m. Praha",Prague,12541,65+
3759,1945-02-04,male,1,"Hl.m. Praha",Prague,12541,65+
3752,1945-02-04,male,1,"Hl.m. Praha",Prague,12541,65+
3748,1945-02-04,male,1,"Hl.m. Praha",Prague,12541,65+
3747,1945-02-04,male,1,"Hl.m. Praha",Prague,12541,65+
3743,1945-02-04,male,1,"Hl.m. Praha",Prague,12541,65+
3739,1945-02-04,male,1,"Hl.m. Praha",Prague,12541,65+
3735,1945-02-04,male,1,"Hl.m. Praha",Prague,12541,65+
3716,1945-02-04,male,1,"Hl.m. Praha",Prague,12541,65+
3710,1945-02-04,male,1,"Hl.m. Praha",Prague,12541,65+
3700,1945-02-04,male,1,"Hl.m. Praha",Prague,12541,65+
3698,1945-02-04,male,1,"Hl.m. Praha",Prague,12541,65+
3696,1945-02-04,male,1,"Hl.m. Praha",Prague,12541,65+
3678,1945-02-04,male,1,"Hl.m. Praha",Prague,12541,65+
3677,1945-02-04,male,1,"Hl.m. Praha",Prague,12541,65+
3668,1945-02-04,male,1,"Hl.m. Praha",Prague,12541,65+
3664,1945-02-04,male,1,"Hl.m. Praha",Prague,12541,65+
3655,1945-02-04,male,1,"Hl.m. Praha",Prague,12541,65+
3643,1945-02-04,male,1,"Hl.m. Praha",Prague,12541,65+
3631,1945-02-04,male,1,"Hl.m. Praha",Prague,12541,65+
3610,1945-02-04,male,1,"Hl.m. Praha",Prague,12541,65+
3606,1945-02-04,male,1,"Hl.m. Praha",Prague,12541,65+
3597,1945-02-04,male,1,"Hl.m. Praha",Prague,12541,65+
3593,1945-02-04,male,1,"Hl.m. Praha",Prague,12541,65+
3591,1945-02-04,male,1,"Hl.m. Praha",Prague,12541,65+
3585,1945-02-04,male,1,"Hl.m. Praha",Prague,12541,65+
3578,1945-02-04,male,1,"Hl.m. Praha",Prague,12541,65+
3569,1945-02-04,male,1,"Hl.m. Praha",Prague,12541,65+
3563,1945-02-04,male,1,"Hl.m. Praha",Prague,12541,65+
3535,1945-02-04,male,1,"Hl.m. Praha",Prague,12541,65+
3526,1945-02-04,male,1,"Hl.m. Praha",Prague,12541,65+
3503,1945-02-04,male,1,"Hl.m. Praha",Prague,12541,65+
3465,1945-02-04,male,1,"Hl.m. Praha",Prague,12541,65+
3450,1945-02-04,male,1,"Hl.m. Praha",Prague,12541,65+
3449,1945-02-04,male,1,"Hl.m. Praha",Prague,12541,65+
3445,1945-02-04,male,1,"Hl.m. Praha",Prague,12541,65+
3437,1945-02-04,male,1,"Hl.m. Praha",Prague,12541,65+
3432,1945-02-04,male,1,"Hl.m. Praha",Prague,12541,65+
3419,1945-02-04,male,1,"Hl.m. Praha",Prague,12541,65+
3396,1945-02-04,male,1,"Hl.m. Praha",Prague,12541,65+
3392,1945-02-04,male,1,"Hl.m. Praha",Prague,12541,65+
3385,1945-02-04,male,1,"Hl.m. Praha",Prague,12541,65+
3367,1945-02-04,male,1,"Hl.m. Praha",Prague,12541,65+
3346,1945-02-04,male,1,"Hl.m. Praha",Prague,12541,65+
3343,1945-02-04,male,1,"Hl.m. Praha",Prague,12541,65+
3339,1945-02-04,male,1,"Hl.m. Praha",Prague,12541,65+
3328,1945-02-04,male,1,"Hl.m. Praha",Prague,12541,65+
3320,1945-02-04,male,1,"Hl.m. Praha",Prague,12541,65+
3303,1945-02-04,male,1,"Hl.m. Praha",Prague,12541,65+
3293,1945-02-04,male,1,"Hl.m. Praha",Prague,12541,65+
3292,1945-02-04,male,1,"Hl.m. Praha",Prague,12541,65+
3289,1945-02-04,male,1,"Hl.m. Praha",Prague,12541,65+
3282,1945-02-04,male,1,"Hl.m. Praha",Prague,12541,65+
3281,1945-02-04,male,1,"Hl.m. Praha",Prague,12541,65+
3280,1945-02-04,male,1,"Hl.m. Praha",Prague,12541,65+
3276,1945-02-04,male,1,"Hl.m. Praha",Prague,12541,65+
3261,1945-02-04,male,1,"Hl.m. Praha",Prague,12541,65+
3259,1945-02-04,male,1,"Hl.m. Praha",Prague,12541,65+
3255,1945-02-04,male,1,"Hl.m. Praha",Prague,12541,65+
3250,1945-02-04,male,1,"Hl.m. Praha",Prague,12541,65+
3243,1945-02-04,male,1,"Hl.m. Praha",Prague,12541,65+
3234,1945-02-04,male,1,"Hl.m. Praha",Prague,12541,65+
3230,1945-02-04,male,1,"Hl.m. Praha",Prague,12541,65+
3227,1945-02-04,male,1,"Hl.m. Praha",Prague,12541,65+
3225,1945-02-04,male,1,"Hl.m. Praha",Prague,12541,65+
3223,1945-02-04,male,1,"Hl.m. Praha",Prague,12541,65+
3219,1945-02-04,male,1,"Hl.m. Praha",Prague,12541,65+
3210,1945-02-04,male,1,"Hl.m. Praha",Prague,12541,65+
3205,1945-02-04,male,1,"Hl.m. Praha",Prague,12541,65+
3197,1945-02-04,male,1,"Hl.m. Praha",Prague,12541,65+
3196,1945-02-04,male,1,"Hl.m. Praha",Prague,12541,65+
3190,1945-02-04,male,1,"Hl.m. Praha",Prague,12541,65+
3184,1945-02-04,male,1,"Hl.m. Praha",Prague,12541,65+
3180,1945-02-04,male,1,"Hl.m. Praha",Prague,12541,65+
3170,1945-02-04,male,1,"Hl.m. Praha",Prague,12541,65+
3156,1945-02-04,male,1,"Hl.m. Praha",Prague,12541,65+
3154,1945-02-04,male,1,"Hl.m. Praha",Prague,12541,65+
3152,1945-02-04,male,1,"Hl.m. Praha",Prague,12541,65+
3141,1945-02-04,male,1,"Hl.m. Praha",Prague,12541,65+
3128,1945-02-04,male,1,"Hl.m. Praha",Prague,12541,65+
3120,1945-02-04,male,1,"Hl.m. Praha",Prague,12541,65+
3114,1945-02-04,male,1,"Hl.m. Praha",Prague,12541,65+
3104,1945-02-04,male,1,"Hl.m. Praha",Prague,12541,65+
3103,1945-02-04,male,1,"Hl.m. Praha",Prague,12541,65+
3101,1945-02-04,male,1,"Hl.m. Praha",Prague,12541,65+
3098,1945-02-04,male,1,"Hl.m. Praha",Prague,12541,65+
3090,1945-02-04,male,1,"Hl.m. Praha",Prague,12541,65+
3086,1945-02-04,male,1,"Hl.m. Praha",Prague,12541,65+
3078,1945-02-04,male,1,"Hl.m. Praha",Prague,12541,65+
3059,1945-02-04,male,1,"Hl.m. Praha",Prague,12541,65+
3045,1945-02-04,male,1,"Hl.m. Praha",Prague,12541,65+
3043,1945-02-04,male,1,"Hl.m. Praha",Prague,12541,65+
3039,1945-02-04,male,1,"Hl.m. Praha",Prague,12541,65+
3024,1945-02-04,male,1,"Hl.m. Praha",Prague,12541,65+
3009,1945-02-04,male,1,"Hl.m. Praha",Prague,12541,65+
3001,1945-02-04,male,1,"Hl.m. Praha",Prague,12541,65+
2993,1945-02-04,male,1,"Hl.m. Praha",Prague,12541,65+
2962,1945-02-04,male,1,"Hl.m. Praha",Prague,12541,65+
2954,1945-02-04,male,1,"Hl.m. Praha",Prague,12541,65+
2953,1945-02-04,male,1,"Hl.m. Praha",Prague,12541,65+
2949,1945-02-04,male,1,"Hl.m. Praha",Prague,12541,65+
2938,1945-02-04,male,1,"Hl.m. Praha",Prague,12541,65+
2937,1945-02-04,male,1,"Hl.m. Praha",Prague,12541,65+
2934,1945-02-04,male,1,"Hl.m. Praha",Prague,12541,65+
2930,1945-02-04,male,1,"Hl.m. Praha",Prague,12541,65+
2925,1945-02-04,male,1,"Hl.m. Praha",Prague,12541,65+
2901,1945-02-04,male,1,"Hl.m. Praha",Prague,12541,65+
2886,1945-02-04,male,1,"Hl.m. Praha",Prague,12541,65+
2885,1945-02-04,male,1,"Hl.m. Praha",Prague,12541,65+
2884,1945-02-04,male,1,"Hl.m. Praha",Prague,12541,65+
2878,1945-02-04,male,1,"Hl.m. Praha",Prague,12541,65+
2872,1945-02-04,male,1,"Hl.m. Praha",Prague,12541,65+
2870,1945-02-04,male,1,"Hl.m. Praha",Prague,12541,65+
2868,1945-02-04,male,1,"Hl.m. Praha",Prague,12541,65+
2865,1945-02-04,male,1,"Hl.m. Praha",Prague,12541,65+
2854,1945-02-04,male,1,"Hl.m. Praha",Prague,12541,65+
2849,1945-02-04,male,1,"Hl.m. Praha",Prague,12541,65+
2846,1945-02-04,male,1,"Hl.m. Praha",Prague,12541,65+
2831,1945-02-04,male,1,"Hl.m. Praha",Prague,12541,65+
2808,1945-02-04,male,1,"Hl.m. Praha",Prague,12541,65+
2802,1945-02-04,male,1,"Hl.m. Praha",Prague,12541,65+
2792,1945-02-04,male,1,"Hl.m. Praha",Prague,12541,65+
2790,1945-02-04,male,1,"Hl.m. Praha",Prague,12541,65+
2787,1945-02-04,male,1,"Hl.m. Praha",Prague,12541,65+
2782,1945-02-04,male,1,"Hl.m. Praha",Prague,12541,65+
2761,1945-02-04,male,1,"Hl.m. Praha",Prague,12541,65+
2749,1945-02-04,male,1,"Hl.m. Praha",Prague,12541,65+
2747,1945-02-04,male,1,"Hl.m. Praha",Prague,12541,65+
2731,1945-02-04,male,1,"Hl.m. Praha",Prague,12541,65+
2727,1945-02-04,male,1,"Hl.m. Praha",Prague,12541,65+
2714,1945-02-04,male,1,"Hl.m. Praha",Prague,12541,65+
2708,1945-02-04,male,1,"Hl.m. Praha",Prague,12541,65+
2696,1945-02-04,male,1,"Hl.m. Praha",Prague,12541,65+
2678,1945-02-04,male,1,"Hl.m. Praha",Prague,12541,65+
2675,1945-02-04,male,1,"Hl.m. Praha",Prague,12541,65+
2671,1945-02-04,male,1,"Hl.m. Praha",Prague,12541,65+
2661,1945-02-04,male,1,"Hl.m. Praha",Prague,12541,65+
2660,1945-02-04,male,1,"Hl.m. Praha",Prague,12541,65+
2656,1945-02-04,male,1,"Hl.m. Praha",Prague,12541,65+
2655,1945-02-04,male,1,"Hl.m. Praha",Prague,12541,65+
2652,1945-02-04,male,1,"Hl.m. Praha",Prague,12541,65+
2644,1945-02-04,male,1,"Hl.m. Praha",Prague,12541,65+
2640,1945-02-04,male,1,"Hl.m. Praha",Prague,12541,65+
2631,1945-02-04,male,1,"Hl.m. Praha",Prague,12541,65+
2622,1945-02-04,male,1,"Hl.m. Praha",Prague,12541,65+
2617,1945-02-04,male,1,"Hl.m. Praha",Prague,12541,65+
2616,1945-02-04,male,1,"Hl.m. Praha",Prague,12541,65+
2612,1945-02-04,male,1,"Hl.m. Praha",Prague,12541,65+
2611,1945-02-04,male,1,"Hl.m. Praha",Prague,12541,65+
2607,1945-02-04,male,1,"Hl.m. Praha",Prague,12541,65+
2606,1945-02-04,male,1,"Hl.m. Praha",Prague,12541,65+
2600,1945-02-04,male,1,"Hl.m. Praha",Prague,12541,65+
2598,1945-02-04,male,1,"Hl.m. Praha",Prague,12541,65+
2596,1945-02-04,male,1,"Hl.m. Praha",Prague,12541,65+
2595,1945-02-04,male,1,"Hl.m. Praha",Prague,12541,65+
2591,1945-02-04,male,1,"Hl.m. Praha",Prague,12541,65+
2587,1945-02-04,male,1,"Hl.m. Praha",Prague,12541,65+
2576,1945-02-04,male,1,"Hl.m. Praha",Prague,12541,65+
2570,1945-02-04,male,1,"Hl.m. Praha",Prague,12541,65+
2546,1945-02-04,male,1,"Hl.m. Praha",Prague,12541,65+
2545,1945-02-04,male,1,"Hl.m. Praha",Prague,12541,65+
2524,1945-02-04,male,1,"Hl.m. Praha",Prague,12541,65+
2503,1945-02-04,male,1,"Hl.m. Praha",Prague,12541,65+
2486,1945-02-04,male,1,"Hl.m. Praha",Prague,12541,65+
2483,1945-02-04,male,1,"Hl.m. Praha",Prague,12541,65+
2482,1945-02-04,male,1,"Hl.m. Praha",Prague,12541,65+
2481,1945-02-04,male,1,"Hl.m. Praha",Prague,12541,65+
2461,1945-02-04,male,1,"Hl.m. Praha",Prague,12541,65+
2460,1945-02-04,male,1,"Hl.m. Praha",Prague,12541,65+
2453,1945-02-04,male,1,"Hl.m. Praha",Prague,12541,65+
2452,1945-02-04,male,1,"Hl.m. Praha",Prague,12541,65+
2437,1945-02-04,male,1,"Hl.m. Praha",Prague,12541,65+
2424,1945-02-04,male,1,"Hl.m. Praha",Prague,12541,65+
2414,1945-02-04,male,1,"Hl.m. Praha",Prague,12541,65+
2407,1945-02-04,male,1,"Hl.m. Praha",Prague,12541,65+
2399,1945-02-04,male,1,"Hl.m. Praha",Prague,12541,65+
2392,1945-02-04,male,1,"Hl.m. Praha",Prague,12541,65+
2390,1945-02-04,male,1,"Hl.m. Praha",Prague,12541,65+
2381,1945-02-04,male,1,"Hl.m. Praha",Prague,12541,65+
2374,1945-02-04,male,1,"Hl.m. Praha",Prague,12541,65+
2372,1945-02-04,male,1,"Hl.m. Praha",Prague,12541,65+
2355,1945-02-04,male,1,"Hl.m. Praha",Prague,12541,65+
2329,1945-02-04,male,1,"Hl.m. Praha",Prague,12541,65+
2324,1945-02-04,male,1,"Hl.m. Praha",Prague,12541,65+
2316,1945-02-04,male,1,"Hl.m. Praha",Prague,12541,65+
2305,1945-02-04,male,1,"Hl.m. Praha",Prague,12541,65+
2299,1945-02-04,male,1,"Hl.m. Praha",Prague,12541,65+
2289,1945-02-04,male,1,"Hl.m. Praha",Prague,12541,65+
2287,1945-02-04,male,1,"Hl.m. Praha",Prague,12541,65+
2281,1945-02-04,male,1,"Hl.m. Praha",Prague,12541,65+
2278,1945-02-04,male,1,"Hl.m. Praha",Prague,12541,65+
2275,1945-02-04,male,1,"Hl.m. Praha",Prague,12541,65+
2268,1945-02-04,male,1,"Hl.m. Praha",Prague,12541,65+
2261,1945-02-04,male,1,"Hl.m. Praha",Prague,12541,65+
2260,1945-02-04,male,1,"Hl.m. Praha",Prague,12541,65+
2254,1945-02-04,male,1,"Hl.m. Praha",Prague,12541,65+
2252,1945-02-04,male,1,"Hl.m. Praha",Prague,12541,65+
2246,1945-02-04,male,1,"Hl.m. Praha",Prague,12541,65+
2232,1945-02-04,male,1,"Hl.m. Praha",Prague,12541,65+
2229,1945-02-04,male,1,"Hl.m. Praha",Prague,12541,65+
2200,1945-02-04,male,1,"Hl.m. Praha",Prague,12541,65+
2199,1945-02-04,male,1,"Hl.m. Praha",Prague,12541,65+
2191,1945-02-04,male,1,"Hl.m. Praha",Prague,12541,65+
2179,1945-02-04,male,1,"Hl.m. Praha",Prague,12541,65+
2175,1945-02-04,male,1,"Hl.m. Praha",Prague,12541,65+
2172,1945-02-04,male,1,"Hl.m. Praha",Prague,12541,65+
2170,1945-02-04,male,1,"Hl.m. Praha",Prague,12541,65+
2159,1945-02-04,male,1,"Hl.m. Praha",Prague,12541,65+
2156,1945-02-04,male,1,"Hl.m. Praha",Prague,12541,65+
2148,1945-02-04,male,1,"Hl.m. Praha",Prague,12541,65+
2143,1945-02-04,male,1,"Hl.m. Praha",Prague,12541,65+
2127,1945-02-04,male,1,"Hl.m. Praha",Prague,12541,65+
2126,1945-02-04,male,1,"Hl.m. Praha",Prague,12541,65+
2106,1945-02-04,male,1,"Hl.m. Praha",Prague,12541,65+
2092,1945-02-04,male,1,"Hl.m. Praha",Prague,12541,65+
2091,1945-02-04,male,1,"Hl.m. Praha",Prague,12541,65+
2083,1945-02-04,male,1,"Hl.m. Praha",Prague,12541,65+
2063,1945-02-04,male,1,"Hl.m. Praha",Prague,12541,65+
2057,1945-02-04,male,1,"Hl.m. Praha",Prague,12541,65+
2054,1945-02-04,male,1,"Hl.m. Praha",Prague,12541,65+
2050,1945-02-04,male,1,"Hl.m. Praha",Prague,12541,65+
2016,1945-02-04,male,1,"Hl.m. Praha",Prague,12541,65+
2010,1945-02-04,male,1,"Hl.m. Praha",Prague,12541,65+
2002,1945-02-04,male,1,"Hl.m. Praha",Prague,12541,65+
1998,1945-02-04,male,1,"Hl.m. Praha",Prague,12541,65+
1991,1945-02-04,male,1,"Hl.m. Praha",Prague,12541,65+
1990,1945-02-04,male,1,"Hl.m. Praha",Prague,12541,65+
1938,1945-02-04,male,1,"Hl.m. Praha",Prague,12541,65+
1929,1945-02-04,male,1,"Hl.m. Praha",Prague,12541,65+
1907,1945-02-04,male,1,"Hl.m. Praha",Prague,12541,65+
1906,1945-02-04,male,1,"Hl.m. Praha",Prague,12541,65+
1890,1945-02-04,male,1,"Hl.m. Praha",Prague,12541,65+
1882,1945-02-04,male,1,"Hl.m. Praha",Prague,12541,65+
1876,1945-02-04,male,1,"Hl.m. Praha",Prague,12541,65+
1869,1945-02-04,male,1,"Hl.m. Praha",Prague,12541,65+
1865,1945-02-04,male,1,"Hl.m. Praha",Prague,12541,65+
1848,1945-02-04,male,1,"Hl.m. Praha",Prague,12541,65+
1831,1945-02-04,male,1,"Hl.m. Praha",Prague,12541,65+
1828,1945-02-04,male,1,"Hl.m. Praha",Prague,12541,65+
1809,1945-02-04,male,1,"Hl.m. Praha",Prague,12541,65+
1805,1945-02-04,male,1,"Hl.m. Praha",Prague,12541,65+
1791,1945-02-04,male,1,"Hl.m. Praha",Prague,12541,65+
1788,1945-02-04,male,1,"Hl.m. Praha",Prague,12541,65+
1786,1945-02-04,male,1,"Hl.m. Praha",Prague,12541,65+
1780,1945-02-04,male,1,"Hl.m. Praha",Prague,12541,65+
1750,1945-02-04,male,1,"Hl.m. Praha",Prague,12541,65+
1746,1945-02-04,male,1,"Hl.m. Praha",Prague,12541,65+
1730,1945-02-04,male,1,"Hl.m. Praha",Prague,12541,65+
1719,1945-02-04,male,1,"Hl.m. Praha",Prague,12541,65+
1706,1945-02-04,male,1,"Hl.m. Praha",Prague,12541,65+
1701,1945-02-04,male,1,"Hl.m. Praha",Prague,12541,65+
1693,1945-02-04,male,1,"Hl.m. Praha",Prague,12541,65+
1678,1945-02-04,male,1,"Hl.m. Praha",Prague,12541,65+
1674,1945-02-04,male,1,"Hl.m. Praha",Prague,12541,65+
1662,1945-02-04,male,1,"Hl.m. Praha",Prague,12541,65+
1660,1945-02-04,male,1,"Hl.m. Praha",Prague,12541,65+
1653,1945-02-04,male,1,"Hl.m. Praha",Prague,12541,65+
1647,1945-02-04,male,1,"Hl.m. Praha",Prague,12541,65+
1646,1945-02-04,male,1,"Hl.m. Praha",Prague,12541,65+
1644,1945-02-04,male,1,"Hl.m. Praha",Prague,12541,65+
1637,1945-02-04,male,1,"Hl.m. Praha",Prague,12541,65+
1627,1945-02-04,male,1,"Hl.m. Praha",Prague,12541,65+
1625,1945-02-04,male,1,"Hl.m. Praha",Prague,12541,65+
1623,1945-02-04,male,1,"Hl.m. Praha",Prague,12541,65+
1615,1945-02-04,male,1,"Hl.m. Praha",Prague,12541,65+
1613,1945-02-04,male,1,"Hl.m. Praha",Prague,12541,65+
1603,1945-02-04,male,1,"Hl.m. Praha",Prague,12541,65+
1600,1945-02-04,male,1,"Hl.m. Praha",Prague,12541,65+
1587,1945-02-04,male,1,"Hl.m. Praha",Prague,12541,65+
1586,1945-02-04,male,1,"Hl.m. Praha",Prague,12541,65+
1575,1945-02-04,male,1,"Hl.m. Praha",Prague,12541,65+
1570,1945-02-04,male,1,"Hl.m. Praha",Prague,12541,65+
1562,1945-02-04,male,1,"Hl.m. Praha",Prague,12541,65+
1550,1945-02-04,male,1,"Hl.m. Praha",Prague,12541,65+
1545,1945-02-04,male,1,"Hl.m. Praha",Prague,12541,65+
1543,1945-02-04,male,1,"Hl.m. Praha",Prague,12541,65+
1542,1945-02-04,male,1,"Hl.m. Praha",Prague,12541,65+
1540,1945-02-04,male,1,"Hl.m. Praha",Prague,12541,65+
1539,1945-02-04,male,1,"Hl.m. Praha",Prague,12541,65+
1534,1945-02-04,male,1,"Hl.m. Praha",Prague,12541,65+
1529,1945-02-04,male,1,"Hl.m. Praha",Prague,12541,65+
1512,1945-02-04,male,1,"Hl.m. Praha",Prague,12541,65+
1504,1945-02-04,male,1,"Hl.m. Praha",Prague,12541,65+
1502,1945-02-04,male,1,"Hl.m. Praha",Prague,12541,65+
1497,1945-02-04,male,1,"Hl.m. Praha",Prague,12541,65+
1494,1945-02-04,male,1,"Hl.m. Praha",Prague,12541,65+
1477,1945-02-04,male,1,"Hl.m. Praha",Prague,12541,65+
1475,1945-02-04,male,1,"Hl.m. Praha",Prague,12541,65+
1471,1945-02-04,male,1,"Hl.m. Praha",Prague,12541,65+
1448,1945-02-04,male,1,"Hl.m. Praha",Prague,12541,65+
1435,1945-02-04,male,1,"Hl.m. Praha",Prague,12541,65+
1401,1945-02-04,male,1,"Hl.m. Praha",Prague,12541,65+
1395,1945-02-04,male,1,"Hl.m. Praha",Prague,12541,65+
1393,1945-02-04,male,1,"Hl.m. Praha",Prague,12541,65+
1377,1945-02-04,male,1,"Hl.m. Praha",Prague,12541,65+
1372,1945-02-04,male,1,"Hl.m. Praha",Prague,12541,65+
1371,1945-02-04,male,1,"Hl.m. Praha",Prague,12541,65+
1362,1945-02-04,male,1,"Hl.m. Praha",Prague,12541,65+
1355,1945-02-04,male,1,"Hl.m. Praha",Prague,12541,65+
1352,1945-02-04,male,1,"Hl.m. Praha",Prague,12541,65+
1310,1945-02-04,male,1,"Hl.m. Praha",Prague,12541,65+
1309,1945-02-04,male,1,"Hl.m. Praha",Prague,12541,65+
1306,1945-02-04,male,1,"Hl.m. Praha",Prague,12541,65+
1299,1945-02-04,male,1,"Hl.m. Praha",Prague,12541,65+
1291,1945-02-04,male,1,"Hl.m. Praha",Prague,12541,65+
1264,1945-02-04,male,1,"Hl.m. Praha",Prague,12541,65+
1243,1945-02-04,male,1,"Hl.m. Praha",Prague,12541,65+
1240,1945-02-04,male,1,"Hl.m. Praha",Prague,12541,65+
1239,1945-02-04,male,1,"Hl.m. Praha",Prague,12541,65+
1238,1945-02-04,male,1,"Hl.m. Praha",Prague,12541,65+
1230,1945-02-04,male,1,"Hl.m. Praha",Prague,12541,65+
1226,1945-02-04,male,1,"Hl.m. Praha",Prague,12541,65+
1220,1945-02-04,male,1,"Hl.m. Praha",Prague,12541,65+
1219,1945-02-04,male,1,"Hl.m. Praha",Prague,12541,65+
1218,1945-02-04,male,1,"Hl.m. Praha",Prague,12541,65+
1194,1945-02-04,male,1,"Hl.m. Praha",Prague,12541,65+
1135,1945-02-04,male,1,"Hl.m. Praha",Prague,12541,65+
1133,1945-02-04,male,1,"Hl.m. Praha",Prague,12541,65+
1132,1945-02-04,male,1,"Hl.m. Praha",Prague,12541,65+
1130,1945-02-04,male,1,"Hl.m. Praha",Prague,12541,65+
1125,1945-02-04,male,1,"Hl.m. Praha",Prague,12541,65+
1120,1945-02-04,male,1,"Hl.m. Praha",Prague,12541,65+
1116,1945-02-04,male,1,"Hl.m. Praha",Prague,12541,65+
1078,1945-02-04,male,1,"Hl.m. Praha",Prague,12541,65+
1076,1945-02-04,male,1,"Hl.m. Praha",Prague,12541,65+
1056,1945-02-04,male,1,"Hl.m. Praha",Prague,12541,65+
1046,1945-02-04,male,1,"Hl.m. Praha",Prague,12541,65+
1043,1945-02-04,male,1,"Hl.m. Praha",Prague,12541,65+
1037,1945-02-04,male,1,"Hl.m. Praha",Prague,12541,65+
1015,1945-02-04,male,1,"Hl.m. Praha",Prague,12541,65+
1009,1945-02-04,male,1,"Hl.m. Praha",Prague,12541,65+
1007,1945-02-04,male,1,"Hl.m. Praha",Prague,12541,65+
980,1945-02-04,male,1,"Hl.m. Praha",Prague,12541,65+
977,1945-02-04,male,1,"Hl.m. Praha",Prague,12541,65+
975,1945-02-04,male,1,"Hl.m. Praha",Prague,12541,65+
961,1945-02-04,male,1,"Hl.m. Praha",Prague,12541,65+
959,1945-02-04,male,1,"Hl.m. Praha",Prague,12541,65+
943,1945-02-04,male,1,"Hl.m. Praha",Prague,12541,65+
916,1945-02-04,male,1,"Hl.m. Praha",Prague,12541,65+
910,1945-02-04,male,1,"Hl.m. Praha",Prague,12541,65+
904,1945-02-04,male,1,"Hl.m. Praha",Prague,12541,65+
887,1945-02-04,male,1,"Hl.m. Praha",Prague,12541,65+
886,1945-02-04,male,1,"Hl.m. Praha",Prague,12541,65+
885,1945-02-04,male,1,"Hl.m. Praha",Prague,12541,65+
883,1945-02-04,male,1,"Hl.m. Praha",Prague,12541,65+
877,1945-02-04,male,1,"Hl.m. Praha",Prague,12541,65+
871,1945-02-04,male,1,"Hl.m. Praha",Prague,12541,65+
868,1945-02-04,male,1,"Hl.m. Praha",Prague,12541,65+
860,1945-02-04,male,1,"Hl.m. Praha",Prague,12541,65+
855,1945-02-04,male,1,"Hl.m. Praha",Prague,12541,65+
853,1945-02-04,male,1,"Hl.m. Praha",Prague,12541,65+
849,1945-02-04,male,1,"Hl.m. Praha",Prague,12541,65+
841,1945-02-04,male,1,"Hl.m. Praha",Prague,12541,65+
828,1945-02-04,male,1,"Hl.m. Praha",Prague,12541,65+
812,1945-02-04,male,1,"Hl.m. Praha",Prague,12541,65+
798,1945-02-04,male,1,"Hl.m. Praha",Prague,12541,65+
796,1945-02-04,male,1,"Hl.m. Praha",Prague,12541,65+
783,1945-02-04,male,1,"Hl.m. Praha",Prague,12541,65+
775,1945-02-04,male,1,"Hl.m. Praha",Prague,12541,65+
774,1945-02-04,male,1,"Hl.m. Praha",Prague,12541,65+
764,1945-02-04,male,1,"Hl.m. Praha",Prague,12541,65+
763,1945-02-04,male,1,"Hl.m. Praha",Prague,12541,65+
760,1945-02-04,male,1,"Hl.m. Praha",Prague,12541,65+
754,1945-02-04,male,1,"Hl.m. Praha",Prague,12541,65+
718,1945-02-04,male,1,"Hl.m. Praha",Prague,12541,65+
699,1945-02-04,male,1,"Hl.m. Praha",Prague,12541,65+
689,1945-02-04,male,1,"Hl.m. Praha",Prague,12541,65+
664,1945-02-04,male,1,"Hl.m. Praha",Prague,12541,65+
647,1945-02-04,male,1,"Hl.m. Praha",Prague,12541,65+
639,1945-02-04,male,1,"Hl.m. Praha",Prague,12541,65+
623,1945-02-04,male,1,"Hl.m. Praha",Prague,12541,65+
619,1945-02-04,male,1,"Hl.m. Praha",Prague,12541,65+
618,1945-02-04,male,1,"Hl.m. Praha",Prague,12541,65+
612,1945-02-04,male,1,"Hl.m. Praha",Prague,12541,65+
598,1945-02-04,male,1,"Hl.m. Praha",Prague,12541,65+
591,1945-02-04,male,1,"Hl.m. Praha",Prague,12541,65+
589,1945-02-04,male,1,"Hl.m. Praha",Prague,12541,65+
579,1945-02-04,male,1,"Hl.m. Praha",Prague,12541,65+
573,1945-02-04,male,1,"Hl.m. Praha",Prague,12541,65+
557,1945-02-04,male,1,"Hl.m. Praha",Prague,12541,65+
542,1945-02-04,male,1,"Hl.m. Praha",Prague,12541,65+
534,1945-02-04,male,1,"Hl.m. Praha",Prague,12541,65+
523,1945-02-04,male,1,"Hl.m. Praha",Prague,12541,65+
510,1945-02-04,male,1,"Hl.m. Praha",Prague,12541,65+
503,1945-02-04,male,1,"Hl.m. Praha",Prague,12541,65+
502,1945-02-04,male,1,"Hl.m. Praha",Prague,12541,65+
498,1945-02-04,male,1,"Hl.m. Praha",Prague,12541,65+
484,1945-02-04,male,1,"Hl.m. Praha",Prague,12541,65+
479,1945-02-04,male,1,"Hl.m. Praha",Prague,12541,65+
477,1945-02-04,male,1,"Hl.m. Praha",Prague,12541,65+
460,1945-02-04,male,1,"Hl.m. Praha",Prague,12541,65+
434,1945-02-04,male,1,"Hl.m. Praha",Prague,12541,65+
428,1945-02-04,male,1,"Hl.m. Praha",Prague,12541,65+
426,1945-02-04,male,1,"Hl.m. Praha",Prague,12541,65+
414,1945-02-04,male,1,"Hl.m. Praha",Prague,12541,65+
409,1945-02-04,male,1,"Hl.m. Praha",Prague,12541,65+
403,1945-02-04,male,1,"Hl.m. Praha",Prague,12541,65+
399,1945-02-04,male,1,"Hl.m. Praha",Prague,12541,65+
395,1945-02-04,male,1,"Hl.m. Praha",Prague,12541,65+
392,1945-02-04,male,1,"Hl.m. Praha",Prague,12541,65+
386,1945-02-04,male,1,"Hl.m. Praha",Prague,12541,65+
366,1945-02-04,male,1,"Hl.m. Praha",Prague,12541,65+
364,1945-02-04,male,1,"Hl.m. Praha",Prague,12541,65+
363,1945-02-04,male,1,"Hl.m. Praha",Prague,12541,65+
340,1945-02-04,male,1,"Hl.m. Praha",Prague,12541,65+
334,1945-02-04,male,1,"Hl.m. Praha",Prague,12541,65+
328,1945-02-04,male,1,"Hl.m. Praha",Prague,12541,65+
324,1945-02-04,male,1,"Hl.m. Praha",Prague,12541,65+
322,1945-02-04,male,1,"Hl.m. Praha",Prague,12541,65+
300,1945-02-04,male,1,"Hl.m. Praha",Prague,12541,65+
293,1945-02-04,male,1,"Hl.m. Praha",Prague,12541,65+
289,1945-02-04,male,1,"Hl.m. Praha",Prague,12541,65+
281,1945-02-04,male,1,"Hl.m. Praha",Prague,12541,65+
271,1945-02-04,male,1,"Hl.m. Praha",Prague,12541,65+
248,1945-02-04,male,1,"Hl.m. Praha",Prague,12541,65+
230,1945-02-04,male,1,"Hl.m. Praha",Prague,12541,65+
229,1945-02-04,male,1,"Hl.m. Praha",Prague,12541,65+
225,1945-02-04,male,1,"Hl.m. Praha",Prague,12541,65+
205,1945-02-04,male,1,"Hl.m. Praha",Prague,12541,65+
197,1945-02-04,male,1,"Hl.m. Praha",Prague,12541,65+
186,1945-02-04,male,1,"Hl.m. Praha",Prague,12541,65+
179,1945-02-04,male,1,"Hl.m. Praha",Prague,12541,65+
177,1945-02-04,male,1,"Hl.m. Praha",Prague,12541,65+
152,1945-02-04,male,1,"Hl.m. Praha",Prague,12541,65+
99,1945-02-04,male,1,"Hl.m. Praha",Prague,12541,65+
95,1945-02-04,male,1,"Hl.m. Praha",Prague,12541,65+
90,1945-02-04,male,1,"Hl.m. Praha",Prague,12541,65+
75,1945-02-04,male,1,"Hl.m. Praha",Prague,12541,65+
72,1945-02-04,male,1,"Hl.m. Praha",Prague,12541,65+
71,1945-02-04,male,1,"Hl.m. Praha",Prague,12541,65+
57,1945-02-04,male,1,"Hl.m. Praha",Prague,12541,65+
50,1945-02-04,male,1,"Hl.m. Praha",Prague,12541,65+
49,1945-02-04,male,1,"Hl.m. Praha",Prague,12541,65+
36,1945-02-04,male,1,"Hl.m. Praha",Prague,12541,65+
22,1945-02-04,male,1,"Hl.m. Praha",Prague,12541,65+
17,1945-02-04,male,1,"Hl.m. Praha",Prague,12541,65+
2,1945-02-04,male,1,"Hl.m. Praha",Prague,12541,65+
11349,1940-10-09,female,1,"Hl.m. Praha",Prague,12541,65+
11231,1940-10-09,female,1,"Hl.m. Praha",Prague,12541,65+
11141,1940-10-09,female,1,"Hl.m. Praha",Prague,12541,65+
11111,1940-10-09,female,1,"Hl.m. Praha",Prague,12541,65+
11021,1940-10-09,female,1,"Hl.m. Praha",Prague,12541,65+
11013,1940-10-09,female,1,"Hl.m. Praha",Prague,12541,65+
10911,1940-10-09,female,1,"Hl.m. Praha",Prague,12541,65+
10762,1940-10-09,female,1,"Hl.m. Praha",Prague,12541,65+
10679,1940-10-09,female,1,"Hl.m. Praha",Prague,12541,65+
10652,1940-10-09,female,1,"Hl.m. Praha",Prague,12541,65+
10451,1940-10-09,female,1,"Hl.m. Praha",Prague,12541,65+
10404,1940-10-09,female,1,"Hl.m. Praha",Prague,12541,65+
10131,1940-10-09,female,1,"Hl.m. Praha",Prague,12541,65+
10093,1940-10-09,female,1,"Hl.m. Praha",Prague,12541,65+
10068,1940-10-09,female,1,"Hl.m. Praha",Prague,12541,65+
10036,1940-10-09,female,1,"Hl.m. Praha",Prague,12541,65+
10022,1940-10-09,female,1,"Hl.m. Praha",Prague,12541,65+
9897,1940-10-09,female,1,"Hl.m. Praha",Prague,12541,65+
9883,1940-10-09,female,1,"Hl.m. Praha",Prague,12541,65+
9646,1940-10-09,female,1,"Hl.m. Praha",Prague,12541,65+
9640,1940-10-09,female,1,"Hl.m. Praha",Prague,12541,65+
9560,1940-10-09,female,1,"Hl.m. Praha",Prague,12541,65+
9510,1940-10-09,female,1,"Hl.m. Praha",Prague,12541,65+
9472,1940-10-09,female,1,"Hl.m. Praha",Prague,12541,65+
9403,1940-10-09,female,1,"Hl.m. Praha",Prague,12541,65+
9377,1940-10-09,female,1,"Hl.m. Praha",Prague,12541,65+
9265,1940-10-09,female,1,"Hl.m. Praha",Prague,12541,65+
9192,1940-10-09,female,1,"Hl.m. Praha",Prague,12541,65+
9041,1940-10-09,female,1,"Hl.m. Praha",Prague,12541,65+
9037,1940-10-09,female,1,"Hl.m. Praha",Prague,12541,65+
9034,1940-10-09,female,1,"Hl.m. Praha",Prague,12541,65+
9024,1940-10-09,female,1,"Hl.m. Praha",Prague,12541,65+
8957,1940-10-09,female,1,"Hl.m. Praha",Prague,12541,65+
8926,1940-10-09,female,1,"Hl.m. Praha",Prague,12541,65+
8899,1940-10-09,female,1,"Hl.m. Praha",Prague,12541,65+
8784,1940-10-09,female,1,"Hl.m. Praha",Prague,12541,65+
8772,1940-10-09,female,1,"Hl.m. Praha",Prague,12541,65+
8759,1940-10-09,female,1,"Hl.m. Praha",Prague,12541,65+
8558,1940-10-09,female,1,"Hl.m. Praha",Prague,12541,65+
8327,1940-10-09,female,1,"Hl.m. Praha",Prague,12541,65+
8051,1940-10-09,female,1,"Hl.m. Praha",Prague,12541,65+
8041,1940-10-09,female,1,"Hl.m. Praha",Prague,12541,65+
7844,1940-10-09,female,1,"Hl.m. Praha",Prague,12541,65+
7674,1940-10-09,female,1,"Hl.m. Praha",Prague,12541,65+
7607,1940-10-09,female,1,"Hl.m. Praha",Prague,12541,65+
7465,1940-10-09,female,1,"Hl.m. Praha",Prague,12541,65+
7449,1940-10-09,female,1,"Hl.m. Praha",Prague,12541,65+
7401,1940-10-09,female,1,"Hl.m. Praha",Prague,12541,65+
7176,1940-10-09,female,1,"Hl.m. Praha",Prague,12541,65+
7133,1940-10-09,female,1,"Hl.m. Praha",Prague,12541,65+
7099,1940-10-09,female,1,"Hl.m. Praha",Prague,12541,65+
6806,1940-10-09,female,1,"Hl.m. Praha",Prague,12541,65+
6792,1940-10-09,female,1,"Hl.m. Praha",Prague,12541,65+
6649,1940-10-09,female,1,"Hl.m. Praha",Prague,12541,65+
6592,1940-10-09,female,1,"Hl.m. Praha",Prague,12541,65+
6440,1940-10-09,female,1,"Hl.m. Praha",Prague,12541,65+
6434,1940-10-09,female,1,"Hl.m. Praha",Prague,12541,65+
6321,1940-10-09,female,1,"Hl.m. Praha",Prague,12541,65+
6118,1940-10-09,female,1,"Hl.m. Praha",Prague,12541,65+
6061,1940-10-09,female,1,"Hl.m. Praha",Prague,12541,65+
6040,1940-10-09,female,1,"Hl.m. Praha",Prague,12541,65+
5991,1940-10-09,female,1,"Hl.m. Praha",Prague,12541,65+
5774,1940-10-09,female,1,"Hl.m. Praha",Prague,12541,65+
5698,1940-10-09,female,1,"Hl.m. Praha",Prague,12541,65+
5505,1940-10-09,female,1,"Hl.m. Praha",Prague,12541,65+
5472,1940-10-09,female,1,"Hl.m. Praha",Prague,12541,65+
5387,1940-10-09,female,1,"Hl.m. Praha",Prague,12541,65+
5213,1940-10-09,female,1,"Hl.m. Praha",Prague,12541,65+
5194,1940-10-09,female,1,"Hl.m. Praha",Prague,12541,65+
5125,1940-10-09,female,1,"Hl.m. Praha",Prague,12541,65+
5120,1940-10-09,female,1,"Hl.m. Praha",Prague,12541,65+
4999,1940-10-09,female,1,"Hl.m. Praha",Prague,12541,65+
4994,1940-10-09,female,1,"Hl.m. Praha",Prague,12541,65+
4753,1940-10-09,female,1,"Hl.m. Praha",Prague,12541,65+
4616,1940-10-09,female,1,"Hl.m. Praha",Prague,12541,65+
4368,1940-10-09,female,1,"Hl.m. Praha",Prague,12541,65+
4347,1940-10-09,female,1,"Hl.m. Praha",Prague,12541,65+
4329,1940-10-09,female,1,"Hl.m. Praha",Prague,12541,65+
4301,1940-10-09,female,1,"Hl.m. Praha",Prague,12541,65+
4287,1940-10-09,female,1,"Hl.m. Praha",Prague,12541,65+
4214,1940-10-09,female,1,"Hl.m. Praha",Prague,12541,65+
4208,1940-10-09,female,1,"Hl.m. Praha",Prague,12541,65+
4186,1940-10-09,female,1,"Hl.m. Praha",Prague,12541,65+
4173,1940-10-09,female,1,"Hl.m. Praha",Prague,12541,65+
4161,1940-10-09,female,1,"Hl.m. Praha",Prague,12541,65+
4144,1940-10-09,female,1,"Hl.m. Praha",Prague,12541,65+
4093,1940-10-09,female,1,"Hl.m. Praha",Prague,12541,65+
4035,1940-10-09,female,1,"Hl.m. Praha",Prague,12541,65+
4034,1940-10-09,female,1,"Hl.m. Praha",Prague,12541,65+
3996,1940-10-09,female,1,"Hl.m. Praha",Prague,12541,65+
3991,1940-10-09,female,1,"Hl.m. Praha",Prague,12541,65+
3985,1940-10-09,female,1,"Hl.m. Praha",Prague,12541,65+
3959,1940-10-09,female,1,"Hl.m. Praha",Prague,12541,65+
3953,1940-10-09,female,1,"Hl.m. Praha",Prague,12541,65+
3948,1940-10-09,female,1,"Hl.m. Praha",Prague,12541,65+
3925,1940-10-09,female,1,"Hl.m. Praha",Prague,12541,65+
3917,1940-10-09,female,1,"Hl.m. Praha",Prague,12541,65+
3909,1940-10-09,female,1,"Hl.m. Praha",Prague,12541,65+
3902,1940-10-09,female,1,"Hl.m. Praha",Prague,12541,65+
3891,1940-10-09,female,1,"Hl.m. Praha",Prague,12541,65+
3886,1940-10-09,female,1,"Hl.m. Praha",Prague,12541,65+
3884,1940-10-09,female,1,"Hl.m. Praha",Prague,12541,65+
3867,1940-10-09,female,1,"Hl.m. Praha",Prague,12541,65+
3862,1940-10-09,female,1,"Hl.m. Praha",Prague,12541,65+
3851,1940-10-09,female,1,"Hl.m. Praha",Prague,12541,65+
3842,1940-10-09,female,1,"Hl.m. Praha",Prague,12541,65+
3839,1940-10-09,female,1,"Hl.m. Praha",Prague,12541,65+
3827,1940-10-09,female,1,"Hl.m. Praha",Prague,12541,65+
3820,1940-10-09,female,1,"Hl.m. Praha",Prague,12541,65+
3815,1940-10-09,female,1,"Hl.m. Praha",Prague,12541,65+
3813,1940-10-09,female,1,"Hl.m. Praha",Prague,12541,65+
3811,1940-10-09,female,1,"Hl.m. Praha",Prague,12541,65+
3809,1940-10-09,female,1,"Hl.m. Praha",Prague,12541,65+
3801,1940-10-09,female,1,"Hl.m. Praha",Prague,12541,65+
3791,1940-10-09,female,1,"Hl.m. Praha",Prague,12541,65+
3790,1940-10-09,female,1,"Hl.m. Praha",Prague,12541,65+
3776,1940-10-09,female,1,"Hl.m. Praha",Prague,12541,65+
3767,1940-10-09,female,1,"Hl.m. Praha",Prague,12541,65+
3759,1940-10-09,female,1,"Hl.m. Praha",Prague,12541,65+
3752,1940-10-09,female,1,"Hl.m. Praha",Prague,12541,65+
3748,1940-10-09,female,1,"Hl.m. Praha",Prague,12541,65+
3747,1940-10-09,female,1,"Hl.m. Praha",Prague,12541,65+
3743,1940-10-09,female,1,"Hl.m. Praha",Prague,12541,65+
3739,1940-10-09,female,1,"Hl.m. Praha",Prague,12541,65+
3735,1940-10-09,female,1,"Hl.m. Praha",Prague,12541,65+
3716,1940-10-09,female,1,"Hl.m. Praha",Prague,12541,65+
3710,1940-10-09,female,1,"Hl.m. Praha",Prague,12541,65+
3700,1940-10-09,female,1,"Hl.m. Praha",Prague,12541,65+
3698,1940-10-09,female,1,"Hl.m. Praha",Prague,12541,65+
3696,1940-10-09,female,1,"Hl.m. Praha",Prague,12541,65+
3678,1940-10-09,female,1,"Hl.m. Praha",Prague,12541,65+
3677,1940-10-09,female,1,"Hl.m. Praha",Prague,12541,65+
3668,1940-10-09,female,1,"Hl.m. Praha",Prague,12541,65+
3664,1940-10-09,female,1,"Hl.m. Praha",Prague,12541,65+
3655,1940-10-09,female,1,"Hl.m. Praha",Prague,12541,65+
3643,1940-10-09,female,1,"Hl.m. Praha",Prague,12541,65+
3631,1940-10-09,female,1,"Hl.m. Praha",Prague,12541,65+
3610,1940-10-09,female,1,"Hl.m. Praha",Prague,12541,65+
3606,1940-10-09,female,1,"Hl.m. Praha",Prague,12541,65+
3597,1940-10-09,female,1,"Hl.m. Praha",Prague,12541,65+
3593,1940-10-09,female,1,"Hl.m. Praha",Prague,12541,65+
3591,1940-10-09,female,1,"Hl.m. Praha",Prague,12541,65+
3585,1940-10-09,female,1,"Hl.m. Praha",Prague,12541,65+
3578,1940-10-09,female,1,"Hl.m. Praha",Prague,12541,65+
3569,1940-10-09,female,1,"Hl.m. Praha",Prague,12541,65+
3563,1940-10-09,female,1,"Hl.m. Praha",Prague,12541,65+
3535,1940-10-09,female,1,"Hl.m. Praha",Prague,12541,65+
3526,1940-10-09,female,1,"Hl.m. Praha",Prague,12541,65+
3503,1940-10-09,female,1,"Hl.m. Praha",Prague,12541,65+
3465,1940-10-09,female,1,"Hl.m. Praha",Prague,12541,65+
3450,1940-10-09,female,1,"Hl.m. Praha",Prague,12541,65+
3449,1940-10-09,female,1,"Hl.m. Praha",Prague,12541,65+
3445,1940-10-09,female,1,"Hl.m. Praha",Prague,12541,65+
3437,1940-10-09,female,1,"Hl.m. Praha",Prague,12541,65+
3432,1940-10-09,female,1,"Hl.m. Praha",Prague,12541,65+
3419,1940-10-09,female,1,"Hl.m. Praha",Prague,12541,65+
3396,1940-10-09,female,1,"Hl.m. Praha",Prague,12541,65+
3392,1940-10-09,female,1,"Hl.m. Praha",Prague,12541,65+
3385,1940-10-09,female,1,"Hl.m. Praha",Prague,12541,65+
3367,1940-10-09,female,1,"Hl.m. Praha",Prague,12541,65+
3346,1940-10-09,female,1,"Hl.m. Praha",Prague,12541,65+
3343,1940-10-09,female,1,"Hl.m. Praha",Prague,12541,65+
3339,1940-10-09,female,1,"Hl.m. Praha",Prague,12541,65+
3328,1940-10-09,female,1,"Hl.m. Praha",Prague,12541,65+
3320,1940-10-09,female,1,"Hl.m. Praha",Prague,12541,65+
3303,1940-10-09,female,1,"Hl.m. Praha",Prague,12541,65+
3293,1940-10-09,female,1,"Hl.m. Praha",Prague,12541,65+
3292,1940-10-09,female,1,"Hl.m. Praha",Prague,12541,65+
3289,1940-10-09,female,1,"Hl.m. Praha",Prague,12541,65+
3282,1940-10-09,female,1,"Hl.m. Praha",Prague,12541,65+
3281,1940-10-09,female,1,"Hl.m. Praha",Prague,12541,65+
3280,1940-10-09,female,1,"Hl.m. Praha",Prague,12541,65+
3276,1940-10-09,female,1,"Hl.m. Praha",Prague,12541,65+
3261,1940-10-09,female,1,"Hl.m. Praha",Prague,12541,65+
3259,1940-10-09,female,1,"Hl.m. Praha",Prague,12541,65+
3255,1940-10-09,female,1,"Hl.m. Praha",Prague,12541,65+
3250,1940-10-09,female,1,"Hl.m. Praha",Prague,12541,65+
3243,1940-10-09,female,1,"Hl.m. Praha",Prague,12541,65+
3234,1940-10-09,female,1,"Hl.m. Praha",Prague,12541,65+
3230,1940-10-09,female,1,"Hl.m. Praha",Prague,12541,65+
3227,1940-10-09,female,1,"Hl.m. Praha",Prague,12541,65+
3225,1940-10-09,female,1,"Hl.m. Praha",Prague,12541,65+
3223,1940-10-09,female,1,"Hl.m. Praha",Prague,12541,65+
3219,1940-10-09,female,1,"Hl.m. Praha",Prague,12541,65+
3210,1940-10-09,female,1,"Hl.m. Praha",Prague,12541,65+
3205,1940-10-09,female,1,"Hl.m. Praha",Prague,12541,65+
3197,1940-10-09,female,1,"Hl.m. Praha",Prague,12541,65+
3196,1940-10-09,female,1,"Hl.m. Praha",Prague,12541,65+
3190,1940-10-09,female,1,"Hl.m. Praha",Prague,12541,65+
3184,1940-10-09,female,1,"Hl.m. Praha",Prague,12541,65+
3180,1940-10-09,female,1,"Hl.m. Praha",Prague,12541,65+
3170,1940-10-09,female,1,"Hl.m. Praha",Prague,12541,65+
3156,1940-10-09,female,1,"Hl.m. Praha",Prague,12541,65+
3154,1940-10-09,female,1,"Hl.m. Praha",Prague,12541,65+
3152,1940-10-09,female,1,"Hl.m. Praha",Prague,12541,65+
3141,1940-10-09,female,1,"Hl.m. Praha",Prague,12541,65+
3128,1940-10-09,female,1,"Hl.m. Praha",Prague,12541,65+
3120,1940-10-09,female,1,"Hl.m. Praha",Prague,12541,65+
3114,1940-10-09,female,1,"Hl.m. Praha",Prague,12541,65+
3104,1940-10-09,female,1,"Hl.m. Praha",Prague,12541,65+
3103,1940-10-09,female,1,"Hl.m. Praha",Prague,12541,65+
3101,1940-10-09,female,1,"Hl.m. Praha",Prague,12541,65+
3098,1940-10-09,female,1,"Hl.m. Praha",Prague,12541,65+
3090,1940-10-09,female,1,"Hl.m. Praha",Prague,12541,65+
3086,1940-10-09,female,1,"Hl.m. Praha",Prague,12541,65+
3078,1940-10-09,female,1,"Hl.m. Praha",Prague,12541,65+
3059,1940-10-09,female,1,"Hl.m. Praha",Prague,12541,65+
3045,1940-10-09,female,1,"Hl.m. Praha",Prague,12541,65+
3043,1940-10-09,female,1,"Hl.m. Praha",Prague,12541,65+
3039,1940-10-09,female,1,"Hl.m. Praha",Prague,12541,65+
3024,1940-10-09,female,1,"Hl.m. Praha",Prague,12541,65+
3009,1940-10-09,female,1,"Hl.m. Praha",Prague,12541,65+
3001,1940-10-09,female,1,"Hl.m. Praha",Prague,12541,65+
2993,1940-10-09,female,1,"Hl.m. Praha",Prague,12541,65+
2962,1940-10-09,female,1,"Hl.m. Praha",Prague,12541,65+
2954,1940-10-09,female,1,"Hl.m. Praha",Prague,12541,65+
2953,1940-10-09,female,1,"Hl.m. Praha",Prague,12541,65+
2949,1940-10-09,female,1,"Hl.m. Praha",Prague,12541,65+
2938,1940-10-09,female,1,"Hl.m. Praha",Prague,12541,65+
2937,1940-10-09,female,1,"Hl.m. Praha",Prague,12541,65+
2934,1940-10-09,female,1,"Hl.m. Praha",Prague,12541,65+
2930,1940-10-09,female,1,"Hl.m. Praha",Prague,12541,65+
2925,1940-10-09,female,1,"Hl.m. Praha",Prague,12541,65+
2901,1940-10-09,female,1,"Hl.m. Praha",Prague,12541,65+
2886,1940-10-09,female,1,"Hl.m. Praha",Prague,12541,65+
2885,1940-10-09,female,1,"Hl.m. Praha",Prague,12541,65+
2884,1940-10-09,female,1,"Hl.m. Praha",Prague,12541,65+
2878,1940-10-09,female,1,"Hl.m. Praha",Prague,12541,65+
2872,1940-10-09,female,1,"Hl.m. Praha",Prague,12541,65+
2870,1940-10-09,female,1,"Hl.m. Praha",Prague,12541,65+
2868,1940-10-09,female,1,"Hl.m. Praha",Prague,12541,65+
2865,1940-10-09,female,1,"Hl.m. Praha",Prague,12541,65+
2854,1940-10-09,female,1,"Hl.m. Praha",Prague,12541,65+
2849,1940-10-09,female,1,"Hl.m. Praha",Prague,12541,65+
2846,1940-10-09,female,1,"Hl.m. Praha",Prague,12541,65+
2831,1940-10-09,female,1,"Hl.m. Praha",Prague,12541,65+
2808,1940-10-09,female,1,"Hl.m. Praha",Prague,12541,65+
2802,1940-10-09,female,1,"Hl.m. Praha",Prague,12541,65+
2792,1940-10-09,female,1,"Hl.m. Praha",Prague,12541,65+
2790,1940-10-09,female,1,"Hl.m. Praha",Prague,12541,65+
2787,1940-10-09,female,1,"Hl.m. Praha",Prague,12541,65+
2782,1940-10-09,female,1,"Hl.m. Praha",Prague,12541,65+
2761,1940-10-09,female,1,"Hl.m. Praha",Prague,12541,65+
2749,1940-10-09,female,1,"Hl.m. Praha",Prague,12541,65+
2747,1940-10-09,female,1,"Hl.m. Praha",Prague,12541,65+
2731,1940-10-09,female,1,"Hl.m. Praha",Prague,12541,65+
2727,1940-10-09,female,1,"Hl.m. Praha",Prague,12541,65+
2714,1940-10-09,female,1,"Hl.m. Praha",Prague,12541,65+
2708,1940-10-09,female,1,"Hl.m. Praha",Prague,12541,65+
2696,1940-10-09,female,1,"Hl.m. Praha",Prague,12541,65+
2678,1940-10-09,female,1,"Hl.m. Praha",Prague,12541,65+
2675,1940-10-09,female,1,"Hl.m. Praha",Prague,12541,65+
2671,1940-10-09,female,1,"Hl.m. Praha",Prague,12541,65+
2661,1940-10-09,female,1,"Hl.m. Praha",Prague,12541,65+
2660,1940-10-09,female,1,"Hl.m. Praha",Prague,12541,65+
2656,1940-10-09,female,1,"Hl.m. Praha",Prague,12541,65+
2655,1940-10-09,female,1,"Hl.m. Praha",Prague,12541,65+
2652,1940-10-09,female,1,"Hl.m. Praha",Prague,12541,65+
2644,1940-10-09,female,1,"Hl.m. Praha",Prague,12541,65+
2640,1940-10-09,female,1,"Hl.m. Praha",Prague,12541,65+
2631,1940-10-09,female,1,"Hl.m. Praha",Prague,12541,65+
2622,1940-10-09,female,1,"Hl.m. Praha",Prague,12541,65+
2617,1940-10-09,female,1,"Hl.m. Praha",Prague,12541,65+
2616,1940-10-09,female,1,"Hl.m. Praha",Prague,12541,65+
2612,1940-10-09,female,1,"Hl.m. Praha",Prague,12541,65+
2611,1940-10-09,female,1,"Hl.m. Praha",Prague,12541,65+
2607,1940-10-09,female,1,"Hl.m. Praha",Prague,12541,65+
2606,1940-10-09,female,1,"Hl.m. Praha",Prague,12541,65+
2600,1940-10-09,female,1,"Hl.m. Praha",Prague,12541,65+
2598,1940-10-09,female,1,"Hl.m. Praha",Prague,12541,65+
2596,1940-10-09,female,1,"Hl.m. Praha",Prague,12541,65+
2595,1940-10-09,female,1,"Hl.m. Praha",Prague,12541,65+
2591,1940-10-09,female,1,"Hl.m. Praha",Prague,12541,65+
2587,1940-10-09,female,1,"Hl.m. Praha",Prague,12541,65+
2576,1940-10-09,female,1,"Hl.m. Praha",Prague,12541,65+
2570,1940-10-09,female,1,"Hl.m. Praha",Prague,12541,65+
2546,1940-10-09,female,1,"Hl.m. Praha",Prague,12541,65+
2545,1940-10-09,female,1,"Hl.m. Praha",Prague,12541,65+
2524,1940-10-09,female,1,"Hl.m. Praha",Prague,12541,65+
2503,1940-10-09,female,1,"Hl.m. Praha",Prague,12541,65+
2486,1940-10-09,female,1,"Hl.m. Praha",Prague,12541,65+
2483,1940-10-09,female,1,"Hl.m. Praha",Prague,12541,65+
2482,1940-10-09,female,1,"Hl.m. Praha",Prague,12541,65+
2481,1940-10-09,female,1,"Hl.m. Praha",Prague,12541,65+
2461,1940-10-09,female,1,"Hl.m. Praha",Prague,12541,65+
2460,1940-10-09,female,1,"Hl.m. Praha",Prague,12541,65+
2453,1940-10-09,female,1,"Hl.m. Praha",Prague,12541,65+
2452,1940-10-09,female,1,"Hl.m. Praha",Prague,12541,65+
2437,1940-10-09,female,1,"Hl.m. Praha",Prague,12541,65+
2424,1940-10-09,female,1,"Hl.m. Praha",Prague,12541,65+
2414,1940-10-09,female,1,"Hl.m. Praha",Prague,12541,65+
2407,1940-10-09,female,1,"Hl.m. Praha",Prague,12541,65+
2399,1940-10-09,female,1,"Hl.m. Praha",Prague,12541,65+
2392,1940-10-09,female,1,"Hl.m. Praha",Prague,12541,65+
2390,1940-10-09,female,1,"Hl.m. Praha",Prague,12541,65+
2381,1940-10-09,female,1,"Hl.m. Praha",Prague,12541,65+
2374,1940-10-09,female,1,"Hl.m. Praha",Prague,12541,65+
2372,1940-10-09,female,1,"Hl.m. Praha",Prague,12541,65+
2355,1940-10-09,female,1,"Hl.m. Praha",Prague,12541,65+
2329,1940-10-09,female,1,"Hl.m. Praha",Prague,12541,65+
2324,1940-10-09,female,1,"Hl.m. Praha",Prague,12541,65+
2316,1940-10-09,female,1,"Hl.m. Praha",Prague,12541,65+
2305,1940-10-09,female,1,"Hl.m. Praha",Prague,12541,65+
2299,1940-10-09,female,1,"Hl.m. Praha",Prague,12541,65+
2289,1940-10-09,female,1,"Hl.m. Praha",Prague,12541,65+
2287,1940-10-09,female,1,"Hl.m. Praha",Prague,12541,65+
2281,1940-10-09,female,1,"Hl.m. Praha",Prague,12541,65+
2278,1940-10-09,female,1,"Hl.m. Praha",Prague,12541,65+
2275,1940-10-09,female,1,"Hl.m. Praha",Prague,12541,65+
2268,1940-10-09,female,1,"Hl.m. Praha",Prague,12541,65+
2261,1940-10-09,female,1,"Hl.m. Praha",Prague,12541,65+
2260,1940-10-09,female,1,"Hl.m. Praha",Prague,12541,65+
2254,1940-10-09,female,1,"Hl.m. Praha",Prague,12541,65+
2252,1940-10-09,female,1,"Hl.m. Praha",Prague,12541,65+
2246,1940-10-09,female,1,"Hl.m. Praha",Prague,12541,65+
2232,1940-10-09,female,1,"Hl.m. Praha",Prague,12541,65+
2229,1940-10-09,female,1,"Hl.m. Praha",Prague,12541,65+
2200,1940-10-09,female,1,"Hl.m. Praha",Prague,12541,65+
2199,1940-10-09,female,1,"Hl.m. Praha",Prague,12541,65+
2191,1940-10-09,female,1,"Hl.m. Praha",Prague,12541,65+
2179,1940-10-09,female,1,"Hl.m. Praha",Prague,12541,65+
2175,1940-10-09,female,1,"Hl.m. Praha",Prague,12541,65+
2172,1940-10-09,female,1,"Hl.m. Praha",Prague,12541,65+
2170,1940-10-09,female,1,"Hl.m. Praha",Prague,12541,65+
2159,1940-10-09,female,1,"Hl.m. Praha",Prague,12541,65+
2156,1940-10-09,female,1,"Hl.m. Praha",Prague,12541,65+
2148,1940-10-09,female,1,"Hl.m. Praha",Prague,12541,65+
2143,1940-10-09,female,1,"Hl.m. Praha",Prague,12541,65+
2127,1940-10-09,female,1,"Hl.m. Praha",Prague,12541,65+
2126,1940-10-09,female,1,"Hl.m. Praha",Prague,12541,65+
2106,1940-10-09,female,1,"Hl.m. Praha",Prague,12541,65+
2092,1940-10-09,female,1,"Hl.m. Praha",Prague,12541,65+
2091,1940-10-09,female,1,"Hl.m. Praha",Prague,12541,65+
2083,1940-10-09,female,1,"Hl.m. Praha",Prague,12541,65+
2063,1940-10-09,female,1,"Hl.m. Praha",Prague,12541,65+
2057,1940-10-09,female,1,"Hl.m. Praha",Prague,12541,65+
2054,1940-10-09,female,1,"Hl.m. Praha",Prague,12541,65+
2050,1940-10-09,female,1,"Hl.m. Praha",Prague,12541,65+
2016,1940-10-09,female,1,"Hl.m. Praha",Prague,12541,65+
2010,1940-10-09,female,1,"Hl.m. Praha",Prague,12541,65+
2002,1940-10-09,female,1,"Hl.m. Praha",Prague,12541,65+
1998,1940-10-09,female,1,"Hl.m. Praha",Prague,12541,65+
1991,1940-10-09,female,1,"Hl.m. Praha",Prague,12541,65+
1990,1940-10-09,female,1,"Hl.m. Praha",Prague,12541,65+
1938,1940-10-09,female,1,"Hl.m. Praha",Prague,12541,65+
1929,1940-10-09,female,1,"Hl.m. Praha",Prague,12541,65+
1907,1940-10-09,female,1,"Hl.m. Praha",Prague,12541,65+
1906,1940-10-09,female,1,"Hl.m. Praha",Prague,12541,65+
1890,1940-10-09,female,1,"Hl.m. Praha",Prague,12541,65+
1882,1940-10-09,female,1,"Hl.m. Praha",Prague,12541,65+
1876,1940-10-09,female,1,"Hl.m. Praha",Prague,12541,65+
1869,1940-10-09,female,1,"Hl.m. Praha",Prague,12541,65+
1865,1940-10-09,female,1,"Hl.m. Praha",Prague,12541,65+
1848,1940-10-09,female,1,"Hl.m. Praha",Prague,12541,65+
1831,1940-10-09,female,1,"Hl.m. Praha",Prague,12541,65+
1828,1940-10-09,female,1,"Hl.m. Praha",Prague,12541,65+
1809,1940-10-09,female,1,"Hl.m. Praha",Prague,12541,65+
1805,1940-10-09,female,1,"Hl.m. Praha",Prague,12541,65+
1791,1940-10-09,female,1,"Hl.m. Praha",Prague,12541,65+
1788,1940-10-09,female,1,"Hl.m. Praha",Prague,12541,65+
1786,1940-10-09,female,1,"Hl.m. Praha",Prague,12541,65+
1780,1940-10-09,female,1,"Hl.m. Praha",Prague,12541,65+
1750,1940-10-09,female,1,"Hl.m. Praha",Prague,12541,65+
1746,1940-10-09,female,1,"Hl.m. Praha",Prague,12541,65+
1730,1940-10-09,female,1,"Hl.m. Praha",Prague,12541,65+
1719,1940-10-09,female,1,"Hl.m. Praha",Prague,12541,65+
1706,1940-10-09,female,1,"Hl.m. Praha",Prague,12541,65+
1701,1940-10-09,female,1,"Hl.m. Praha",Prague,12541,65+
1693,1940-10-09,female,1,"Hl.m. Praha",Prague,12541,65+
1678,1940-10-09,female,1,"Hl.m. Praha",Prague,12541,65+
1674,1940-10-09,female,1,"Hl.m. Praha",Prague,12541,65+
1662,1940-10-09,female,1,"Hl.m. Praha",Prague,12541,65+
1660,1940-10-09,female,1,"Hl.m. Praha",Prague,12541,65+
1653,1940-10-09,female,1,"Hl.m. Praha",Prague,12541,65+
1647,1940-10-09,female,1,"Hl.m. Praha",Prague,12541,65+
1646,1940-10-09,female,1,"Hl.m. Praha",Prague,12541,65+
1644,1940-10-09,female,1,"Hl.m. Praha",Prague,12541,65+
1637,1940-10-09,female,1,"Hl.m. Praha",Prague,12541,65+
1627,1940-10-09,female,1,"Hl.m. Praha",Prague,12541,65+
1625,1940-10-09,female,1,"Hl.m. Praha",Prague,12541,65+
1623,1940-10-09,female,1,"Hl.m. Praha",Prague,12541,65+
1615,1940-10-09,female,1,"Hl.m. Praha",Prague,12541,65+
1613,1940-10-09,female,1,"Hl.m. Praha",Prague,12541,65+
1603,1940-10-09,female,1,"Hl.m. Praha",Prague,12541,65+
1600,1940-10-09,female,1,"Hl.m. Praha",Prague,12541,65+
1587,1940-10-09,female,1,"Hl.m. Praha",Prague,12541,65+
1586,1940-10-09,female,1,"Hl.m. Praha",Prague,12541,65+
1575,1940-10-09,female,1,"Hl.m. Praha",Prague,12541,65+
1570,1940-10-09,female,1,"Hl.m. Praha",Prague,12541,65+
1562,1940-10-09,female,1,"Hl.m. Praha",Prague,12541,65+
1550,1940-10-09,female,1,"Hl.m. Praha",Prague,12541,65+
1545,1940-10-09,female,1,"Hl.m. Praha",Prague,12541,65+
1543,1940-10-09,female,1,"Hl.m. Praha",Prague,12541,65+
1542,1940-10-09,female,1,"Hl.m. Praha",Prague,12541,65+
1540,1940-10-09,female,1,"Hl.m. Praha",Prague,12541,65+
1539,1940-10-09,female,1,"Hl.m. Praha",Prague,12541,65+
1534,1940-10-09,female,1,"Hl.m. Praha",Prague,12541,65+
1529,1940-10-09,female,1,"Hl.m. Praha",Prague,12541,65+
1512,1940-10-09,female,1,"Hl.m. Praha",Prague,12541,65+
1504,1940-10-09,female,1,"Hl.m. Praha",Prague,12541,65+
