account_id,overall_risk
10520,"Low Risk"
9052,"Medium Risk"
1029,"Low Risk"
2176,"Low Risk"
8856,"Low Risk"
10079,"Low Risk"
4276,"Low Risk"
863,"Low Risk"
1828,"Low Risk"
3364,"Low Risk"
2099,"Low Risk"
9627,"Low Risk"
390,"Low Risk"
1485,"Low Risk"
239,"Low Risk"
500,"Low Risk"
319,"Low Risk"
2122,"Low Risk"
10973,"Low Risk"
2933,"Low Risk"
5868,"Low Risk"
11053,"Low Risk"
10670,"Low Risk"
4743,"Low Risk"
7997,"Low Risk"
2187,"Low Risk"
5129,"Low Risk"
2894,"Low Risk"
1897,"Low Risk"
3967,"Medium Risk"
3756,"Low Risk"
8931,"Low Risk"
4103,"Low Risk"
8316,"Low Risk"
8625,"Low Risk"
3760,"Low Risk"
699,"Low Risk"
291,"Low Risk"
11138,"Low Risk"
9814,"Low Risk"
5372,"Low Risk"
4377,"Low Risk"
2600,"Low Risk"
2762,"Low Risk"
9307,"Low Risk"
8759,"Low Risk"
1313,"Low Risk"
441,"Low Risk"
3521,"Low Risk"
539,"Low Risk"
11021,"Low Risk"
2599,"Low Risk"
6592,"Low Risk"
8212,"Low Risk"
8127,"Low Risk"
2741,"Low Risk"
3446,"Low Risk"
4616,"Low Risk"
3771,"Low Risk"
3402,"Low Risk"
2972,"Low Risk"
2419,"Low Risk"
186,"Low Risk"
363,"Low Risk"
3786,"Low Risk"
9707,"Low Risk"
2245,"Low Risk"
9337,"Low Risk"
82,"Low Risk"
1538,"Low Risk"
3602,"Low Risk"
4484,"Low Risk"
9265,"Low Risk"
10105,"Low Risk"
3594,"Low Risk"
7136,"Low Risk"
3526,"Low Risk"
6609,"Low Risk"
3018,"Low Risk"
4408,"Low Risk"
4321,"Low Risk"
7926,"Low Risk"
3562,"Low Risk"
7753,"Low Risk"
1139,"Low Risk"
3886,"Low Risk"
5870,"Low Risk"
4320,"Low Risk"
525,"Low Risk"
6701,"Low Risk"
3258,"Low Risk"
6463,"Low Risk"
7445,"Low Risk"
3038,"Low Risk"
2633,"Low Risk"
1338,"Low Risk"
7123,"Low Risk"
2912,"Low Risk"
8899,"Low Risk"
3674,"Low Risk"
4448,"Low Risk"
2962,"Low Risk"
4434,"Low Risk"
3920,"Low Risk"
1808,"Low Risk"
96,"Low Risk"
10963,"Low Risk"
6289,"Low Risk"
1965,"Low Risk"
2170,"Low Risk"
5817,"Low Risk"
72,"Low Risk"
5125,"Low Risk"
2282,"Low Risk"
1605,"Low Risk"
8041,"Low Risk"
8547,"Low Risk"
6555,"Low Risk"
18,"Low Risk"
11111,"Low Risk"
1022,"Low Risk"
803,"Low Risk"
3869,"Low Risk"
6910,"Low Risk"
2811,"Low Risk"
7957,"Low Risk"
9203,"Low Risk"
1453,"Low Risk"
2486,"Low Risk"
399,"Low Risk"
10738,"Low Risk"
10365,"Medium Risk"
1032,"Low Risk"
2056,"Low Risk"
485,"Low Risk"
299,"Low Risk"
3240,"Low Risk"
9583,"Low Risk"
733,"Low Risk"
851,"Low Risk"
1106,"Low Risk"
816,"Low Risk"
2424,"Low Risk"
3260,"Low Risk"
3942,"Low Risk"
4596,"Low Risk"
8982,"Low Risk"
521,"Low Risk"
1490,"Low Risk"
10266,"Low Risk"
1125,"Low Risk"
8381,"Medium Risk"
1953,"Low Risk"
1196,"Low Risk"
1646,"Low Risk"
1254,"Low Risk"
532,"Low Risk"
2130,"Low Risk"
2993,"Low Risk"
2707,"Low Risk"
4330,"Low Risk"
3714,"Low Risk"
5256,"Low Risk"
3424,"Low Risk"
2803,"Low Risk"
1772,"Low Risk"
5477,"Low Risk"
9656,"Low Risk"
4131,"Low Risk"
2378,"Low Risk"
619,"Low Risk"
1456,"Low Risk"
5428,"Low Risk"
211,"Low Risk"
9041,"Low Risk"
5422,"Low Risk"
501,"Low Risk"
2227,"Low Risk"
4746,"Low Risk"
10789,"Low Risk"
10411,"Low Risk"
1464,"Low Risk"
2219,"Low Risk"
2838,"Low Risk"
2321,"Low Risk"
4195,"Low Risk"
2216,"Low Risk"
1286,"Low Risk"
10131,"Low Risk"
7769,"Low Risk"
1948,"Low Risk"
2551,"Low Risk"
2763,"Low Risk"
2609,"Low Risk"
3330,"Low Risk"
4134,"Low Risk"
5593,"Low Risk"
1039,"Low Risk"
30,"Low Risk"
9790,"Low Risk"
10227,"Low Risk"
846,"Low Risk"
1695,"Low Risk"
1801,"Low Risk"
4214,"Low Risk"
3389,"Low Risk"
3516,"Low Risk"
3371,"Low Risk"
3253,"Low Risk"
2930,"Low Risk"
1805,"Low Risk"
1813,"Low Risk"
1641,"Low Risk"
2322,"Low Risk"
712,"Low Risk"
6636,"Low Risk"
6678,"Low Risk"
9591,"Low Risk"
2938,"Low Risk"
1893,"Low Risk"
3510,"Low Risk"
2179,"Low Risk"
4358,"Low Risk"
2265,"Low Risk"
7859,"Low Risk"
3279,"Low Risk"
218,"Low Risk"
3113,"Low Risk"
1247,"Medium Risk"
4383,"Low Risk"
5891,"Low Risk"
3112,"Low Risk"
11079,"Low Risk"
624,"Low Risk"
2175,"Low Risk"
4237,"Low Risk"
2932,"Low Risk"
4503,"Low Risk"
1132,"Low Risk"
6273,"Low Risk"
1067,"Low Risk"
3785,"Low Risk"
2598,"Low Risk"
1404,"Low Risk"
3166,"Medium Risk"
3437,"Low Risk"
1967,"Low Risk"
635,"Low Risk"
2660,"Low Risk"
2527,"Low Risk"
7907,"Low Risk"
2247,"Low Risk"
4346,"Low Risk"
1263,"Low Risk"
1598,"Low Risk"
3051,"Low Risk"
4269,"Low Risk"
3216,"Low Risk"
4014,"Low Risk"
378,"Low Risk"
3326,"Low Risk"
2228,"Low Risk"
730,"Low Risk"
2435,"Low Risk"
1066,"Low Risk"
4851,"Low Risk"
1169,"Low Risk"
2326,"Low Risk"
2710,"Low Risk"
7990,"Low Risk"
3713,"Low Risk"
5632,"Low Risk"
243,"Low Risk"
2897,"Low Risk"
3790,"Low Risk"
2720,"Low Risk"
6985,"Low Risk"
2647,"Low Risk"
3460,"Low Risk"
133,"Low Risk"
2537,"Low Risk"
11141,"Low Risk"
1896,"Low Risk"
6897,"Low Risk"
8957,"Low Risk"
4969,"Low Risk"
1005,"Low Risk"
10065,"Low Risk"
510,"Low Risk"
7795,"Low Risk"
1274,"Low Risk"
5602,"Low Risk"
3597,"Low Risk"
132,"Low Risk"
290,"Low Risk"
1591,"Low Risk"
452,"Low Risk"
5505,"Low Risk"
1004,"Low Risk"
1632,"Low Risk"
6649,"Low Risk"
2222,"Low Risk"
1407,"Low Risk"
3862,"Low Risk"
7231,"Low Risk"
1660,"Low Risk"
5366,"Low Risk"
3705,"Low Risk"
2859,"Low Risk"
10036,"Low Risk"
689,"Low Risk"
2295,"Low Risk"
4318,"Low Risk"
3311,"Low Risk"
3230,"Low Risk"
2625,"Low Risk"
417,"Low Risk"
1545,"Low Risk"
3859,"Medium Risk"
277,"Low Risk"
2028,"Low Risk"
384,"Low Risk"
2628,"Low Risk"
1114,"Low Risk"
9549,"Low Risk"
347,"Low Risk"
2732,"Low Risk"
5228,"Low Risk"
8558,"Low Risk"
2857,"Low Risk"
5661,"Low Risk"
4456,"Low Risk"
3735,"Low Risk"
5065,"Low Risk"
3229,"Low Risk"
2338,"Low Risk"
2840,"Low Risk"
2959,"Low Risk"
6440,"Low Risk"
2749,"Low Risk"
2209,"Low Risk"
3374,"Low Risk"
3223,"Low Risk"
3646,"Low Risk"
2940,"Low Risk"
2867,"Low Risk"
1010,"Low Risk"
4088,"Low Risk"
10558,"Low Risk"
3689,"Low Risk"
3495,"Low Risk"
2262,"Low Risk"
3755,"Low Risk"
3265,"Low Risk"
3925,"Low Risk"
4336,"Low Risk"
4082,"Low Risk"
4342,"Low Risk"
5837,"Low Risk"
2246,"Low Risk"
3407,"Low Risk"
4995,"Medium Risk"
4337,"Low Risk"
1694,"Low Risk"
6434,"Low Risk"
5395,"Low Risk"
3634,"Low Risk"
1478,"Low Risk"
8153,"Low Risk"
10812,"Low Risk"
1610,"Low Risk"
7487,"Low Risk"
1754,"Low Risk"
4350,"Low Risk"
10942,"Low Risk"
4258,"Low Risk"
456,"Low Risk"
3507,"Low Risk"
1684,"Low Risk"
10562,"Low Risk"
11186,"Low Risk"
4128,"Low Risk"
9750,"Medium Risk"
5622,"Low Risk"
6083,"Medium Risk"
3269,"Low Risk"
5250,"Low Risk"
10243,"Low Risk"
10019,"Low Risk"
7011,"Low Risk"
1780,"Low Risk"
10478,"Low Risk"
3589,"Low Risk"
3127,"Low Risk"
8132,"Low Risk"
2515,"Low Risk"
2572,"Low Risk"
4493,"Low Risk"
3450,"Low Risk"
4047,"Low Risk"
2988,"Low Risk"
1583,"Medium Risk"
2586,"Low Risk"
960,"Low Risk"
377,"Low Risk"
1230,"Low Risk"
31,"Low Risk"
4079,"Low Risk"
11333,"Low Risk"
1237,"Low Risk"
337,"Low Risk"
649,"Low Risk"
1651,"Low Risk"
1124,"Low Risk"
1804,"Low Risk"
266,"Low Risk"
777,"Low Risk"
1715,"Low Risk"
7203,"Low Risk"
1009,"Low Risk"
1787,"Low Risk"
3337,"Low Risk"
2267,"Low Risk"
11328,"Low Risk"
9353,"Low Risk"
9104,"Low Risk"
1725,"Low Risk"
4375,"Low Risk"
4937,"Low Risk"
11317,"Low Risk"
263,"Low Risk"
3200,"Low Risk"
1242,"Low Risk"
2240,"Low Risk"
9225,"Low Risk"
8628,"Low Risk"
3690,"Low Risk"
9333,"Low Risk"
8566,"Low Risk"
5001,"Low Risk"
3286,"Low Risk"
8073,"Low Risk"
5313,"Low Risk"
10650,"Low Risk"
2799,"Low Risk"
3106,"Low Risk"
3386,"Low Risk"
2445,"Low Risk"
4894,"Low Risk"
3990,"Low Risk"
245,"Low Risk"
3921,"Low Risk"
4003,"Low Risk"
67,"Low Risk"
718,"Low Risk"
2509,"Low Risk"
2144,"Low Risk"
6265,"Low Risk"
10645,"Low Risk"
2003,"Low Risk"
5742,"Low Risk"
2254,"Low Risk"
2922,"Low Risk"
179,"Low Risk"
2089,"Low Risk"
4171,"Low Risk"
2087,"Low Risk"
5423,"Low Risk"
25,"Low Risk"
1580,"Low Risk"
3401,"Low Risk"
1962,"Low Risk"
2915,"Low Risk"
3089,"Low Risk"
1416,"Low Risk"
437,"Low Risk"
790,"Low Risk"
3014,"Low Risk"
3907,"Low Risk"
1919,"Low Risk"
8260,"Low Risk"
6157,"Low Risk"
3622,"Low Risk"
1330,"Low Risk"
2092,"Low Risk"
7774,"Low Risk"
1368,"Low Risk"
685,"Low Risk"
897,"Low Risk"
2051,"Medium Risk"
1071,"Low Risk"
5740,"Low Risk"
2086,"Low Risk"
7894,"Low Risk"
2571,"Low Risk"
862,"Low Risk"
2218,"Low Risk"
5194,"Low Risk"
6511,"Low Risk"
7594,"Low Risk"
6034,"Low Risk"
4462,"Low Risk"
1480,"Low Risk"
645,"Low Risk"
8896,"Low Risk"
1757,"Low Risk"
7606,"Low Risk"
1701,"Low Risk"
6226,"Low Risk"
120,"Low Risk"
10906,"Low Risk"
2116,"Low Risk"
2007,"Low Risk"
2384,"Low Risk"
5574,"Low Risk"
68,"Low Risk"
940,"Low Risk"
9472,"Low Risk"
1319,"Low Risk"
11244,"Low Risk"
7181,"Low Risk"
3353,"Low Risk"
3876,"Low Risk"
2877,"Low Risk"
1304,"Low Risk"
1511,"Low Risk"
2111,"Low Risk"
2594,"Low Risk"
709,"Low Risk"
4361,"Low Risk"
472,"Medium Risk"
2982,"Low Risk"
2190,"Low Risk"
7966,"Medium Risk"
3189,"Medium Risk"
4537,"Low Risk"
3567,"Low Risk"
2966,"Low Risk"
1523,"Low Risk"
125,"Low Risk"
7562,"Low Risk"
1733,"Low Risk"
3591,"Low Risk"
5196,"Low Risk"
6118,"Low Risk"
2080,"Low Risk"
7745,"Low Risk"
3815,"Low Risk"
66,"Low Risk"
3322,"Low Risk"
487,"Low Risk"
3344,"Low Risk"
494,"Low Risk"
625,"Low Risk"
5735,"Medium Risk"
4423,"Low Risk"
9528,"Low Risk"
9006,"Low Risk"
397,"Low Risk"
3037,"Medium Risk"
2576,"Low Risk"
9883,"Low Risk"
10710,"Low Risk"
8533,"Low Risk"
2418,"Low Risk"
3864,"Low Risk"
5120,"Low Risk"
4405,"Low Risk"
9826,"Low Risk"
3299,"Low Risk"
3217,"Low Risk"
4447,"Low Risk"
950,"Low Risk"
6473,"Low Risk"
4255,"Low Risk"
6321,"Low Risk"
967,"Low Risk"
2546,"Low Risk"
1396,"Low Risk"
1838,"Low Risk"
8377,"Low Risk"
3114,"Low Risk"
8027,"Low Risk"
2471,"Low Risk"
2062,"Low Risk"
9422,"Low Risk"
2126,"Low Risk"
9167,"Low Risk"
3733,"Low Risk"
10152,"Low Risk"
1040,"Low Risk"
3153,"Low Risk"
4948,"Low Risk"
4293,"Low Risk"
4116,"Low Risk"
595,"Low Risk"
7614,"Low Risk"
4533,"Low Risk"
8341,"Low Risk"
3314,"Low Risk"
339,"Low Risk"
9633,"Medium Risk"
3255,"Low Risk"
9491,"Low Risk"
1906,"Low Risk"
9377,"Low Risk"
1939,"Low Risk"
2480,"Low Risk"
2072,"Low Risk"
2242,"Low Risk"
8327,"Low Risk"
3675,"Low Risk"
1845,"Low Risk"
10257,"Low Risk"
7049,"Low Risk"
6158,"Medium Risk"
2971,"Low Risk"
7674,"Low Risk"
3233,"Low Risk"
176,"Low Risk"
1718,"Low Risk"
167,"Low Risk"
3558,"Low Risk"
3074,"Low Risk"
1374,"Low Risk"
9833,"Low Risk"
3403,"Low Risk"
844,"Low Risk"
3614,"Low Risk"
5270,"Low Risk"
4253,"Low Risk"
5011,"Low Risk"
5133,"Low Risk"
1745,"Low Risk"
3467,"Low Risk"
3624,"Low Risk"
1461,"Low Risk"
7815,"Low Risk"
4514,"Low Risk"
200,"Low Risk"
1819,"Low Risk"
4768,"Low Risk"
2934,"Low Risk"
4086,"Low Risk"
1779,"Low Risk"
412,"Low Risk"
1392,"Low Risk"
10663,"Low Risk"
1154,"Low Risk"
6030,"Low Risk"
3418,"Low Risk"
4000,"Low Risk"
103,"Medium Risk"
3367,"Low Risk"
7824,"Low Risk"
4259,"Low Risk"
5648,"Low Risk"
9051,"Low Risk"
10607,"Low Risk"
1993,"Low Risk"
3851,"Low Risk"
4999,"Low Risk"
5698,"Low Risk"
3300,"Low Risk"
1305,"Low Risk"
2013,"Low Risk"
3745,"Low Risk"
1408,"Low Risk"
2125,"Low Risk"
3693,"Low Risk"
3156,"Low Risk"
4727,"Low Risk"
3290,"Low Risk"
3789,"Low Risk"
33,"Low Risk"
2082,"Low Risk"
993,"Low Risk"
2889,"Low Risk"
84,"Low Risk"
3496,"Low Risk"
8149,"Low Risk"
2754,"Low Risk"
2818,"Low Risk"
212,"Low Risk"
144,"Low Risk"
5442,"Low Risk"
9138,"Medium Risk"
2929,"Low Risk"
3654,"Low Risk"
3163,"Low Risk"
5066,"Low Risk"
11013,"Low Risk"
99,"Low Risk"
498,"Low Risk"
3905,"Low Risk"
8173,"Low Risk"
2506,"Low Risk"
2824,"Low Risk"
6927,"Low Risk"
3994,"Low Risk"
4035,"Low Risk"
4580,"Low Risk"
574,"Low Risk"
3923,"Low Risk"
2464,"Low Risk"
2977,"Low Risk"
2646,"Low Risk"
915,"Low Risk"
3472,"Low Risk"
1935,"Low Risk"
5283,"Low Risk"
11069,"Low Risk"
3036,"Low Risk"
2319,"Low Risk"
991,"Low Risk"
2355,"Low Risk"
9703,"Low Risk"
566,"Low Risk"
1093,"Low Risk"
2790,"Low Risk"
387,"Low Risk"
2356,"Low Risk"
1862,"Low Risk"
651,"Low Risk"
1221,"Low Risk"
3228,"Low Risk"
2796,"Low Risk"
3005,"Low Risk"
10679,"Low Risk"
1251,"Low Risk"
10493,"Low Risk"
9560,"Low Risk"
1284,"Low Risk"
10202,"Low Risk"
3833,"Low Risk"
6472,"Low Risk"
3617,"Low Risk"
7857,"Low Risk"
511,"Low Risk"
3090,"Low Risk"
648,"Low Risk"
1994,"Low Risk"
1127,"Low Risk"
2390,"Low Risk"
4329,"Low Risk"
10134,"Low Risk"
3296,"Low Risk"
1016,"Low Risk"
5481,"Low Risk"
4144,"Low Risk"
227,"Low Risk"
2882,"Low Risk"
596,"Low Risk"
1344,"Low Risk"
7765,"Low Risk"
5213,"Medium Risk"
1146,"Low Risk"
2532,"Low Risk"
10694,"Low Risk"
796,"Low Risk"
463,"Low Risk"
3161,"Low Risk"
2195,"Low Risk"
3778,"Low Risk"
8039,"Low Risk"
10439,"Low Risk"
1732,"Low Risk"
405,"Low Risk"
3875,"Low Risk"
6148,"Low Risk"
4332,"Low Risk"
3770,"Low Risk"
1749,"Low Risk"
3499,"Low Risk"
3035,"Low Risk"
4078,"Low Risk"
1389,"Low Risk"
5267,"Medium Risk"
1750,"Low Risk"
6461,"Low Risk"
2641,"Low Risk"
3768,"Low Risk"
2574,"Low Risk"
270,"Low Risk"
7733,"Low Risk"
3050,"Low Risk"
1518,"Low Risk"
1332,"Low Risk"
6062,"Low Risk"
1502,"Low Risk"
1508,"Low Risk"
9403,"Low Risk"
3382,"Low Risk"
3999,"Low Risk"
4715,"Low Risk"
126,"Low Risk"
1498,"Low Risk"
3413,"Low Risk"
7965,"Low Risk"
268,"Low Risk"
1685,"Low Risk"
7424,"Low Risk"
4949,"Low Risk"
3726,"Low Risk"
3448,"Low Risk"
8523,"Low Risk"
1417,"Low Risk"
2001,"Low Risk"
4659,"Low Risk"
1922,"Low Risk"
2350,"Low Risk"
7101,"Low Risk"
8158,"Low Risk"
3664,"Low Risk"
885,"Low Risk"
6950,"Low Risk"
3579,"Low Risk"
3225,"Low Risk"
11325,"Low Risk"
1963,"Low Risk"
3896,"Low Risk"
1151,"Low Risk"
5952,"Low Risk"
4273,"Low Risk"
5794,"Low Risk"
1378,"Low Risk"
1527,"Low Risk"
886,"Low Risk"
9640,"Low Risk"
1384,"Low Risk"
7944,"Low Risk"
2678,"Low Risk"
1112,"Low Risk"
3608,"Low Risk"
10068,"Low Risk"
11349,"Low Risk"
4994,"Low Risk"
2635,"Low Risk"
2854,"Low Risk"
2781,"Low Risk"
2927,"Low Risk"
1160,"Low Risk"
5063,"Low Risk"
3273,"Low Risk"
1272,"Low Risk"
3505,"Low Risk"
11042,"Low Risk"
4354,"Low Risk"
1934,"Low Risk"
722,"Low Risk"
2427,"Low Risk"
3609,"Low Risk"
4626,"Low Risk"
6510,"Low Risk"
10644,"Low Risk"
3503,"Low Risk"
3788,"Low Risk"
8085,"Medium Risk"
2827,"Low Risk"
610,"Low Risk"
3455,"Low Risk"
1372,"Low Risk"
1411,"Low Risk"
9646,"Low Risk"
544,"Low Risk"
5180,"Low Risk"
10280,"Low Risk"
849,"Low Risk"
404,"Low Risk"
3084,"Medium Risk"
3069,"Low Risk"
977,"Low Risk"
1203,"Low Risk"
4470,"Low Risk"
2695,"Low Risk"
3665,"Low Risk"
1243,"Low Risk"
759,"Low Risk"
1362,"Low Risk"
10807,"Low Risk"
4225,"Low Risk"
426,"Medium Risk"
8094,"Low Risk"
1410,"Low Risk"
981,"Low Risk"
160,"Low Risk"
3971,"Low Risk"
3086,"Low Risk"
5758,"Low Risk"
1184,"Low Risk"
3638,"Low Risk"
11231,"Low Risk"
2759,"Low Risk"
3953,"Low Risk"
180,"Low Risk"
9236,"Low Risk"
2211,"Low Risk"
1654,"Low Risk"
10788,"Low Risk"
1204,"Low Risk"
1350,"Low Risk"
2450,"Low Risk"
3914,"Low Risk"
47,"Low Risk"
4156,"Low Risk"
8026,"Low Risk"
3471,"Low Risk"
2124,"Low Risk"
3368,"Low Risk"
2995,"Low Risk"
1539,"Low Risk"
2752,"Low Risk"
3746,"Low Risk"
3781,"Low Risk"
3766,"Low Risk"
4416,"Low Risk"
1910,"Low Risk"
3003,"Low Risk"
2968,"Low Risk"
573,"Low Risk"
748,"Low Risk"
3968,"Low Risk"
2860,"Low Risk"
797,"Low Risk"
3151,"Low Risk"
3325,"Low Risk"
1576,"Low Risk"
11295,"Low Risk"
4286,"Low Risk"
738,"Low Risk"
6400,"Low Risk"
253,"Low Risk"
1878,"Low Risk"
7713,"Low Risk"
222,"Low Risk"
3141,"Low Risk"
2167,"Low Risk"
10361,"Low Risk"
7636,"Low Risk"
911,"Low Risk"
4413,"Low Risk"
2699,"Low Risk"
1519,"Low Risk"
9201,"Low Risk"
904,"Low Risk"
4527,"Low Risk"
3466,"Low Risk"
1074,"Low Risk"
1328,"Low Risk"
7274,"Low Risk"
2004,"Low Risk"
3315,"Low Risk"
2444,"Low Risk"
10093,"Low Risk"
3723,"Low Risk"
1540,"Low Risk"
1309,"Low Risk"
285,"Low Risk"
486,"Low Risk"
4863,"Low Risk"
1056,"Low Risk"
741,"Low Risk"
2884,"Low Risk"
1978,"Low Risk"
10063,"Low Risk"
1297,"Low Risk"
191,"Low Risk"
1007,"Low Risk"
3387,"Low Risk"
8519,"Low Risk"
8564,"Low Risk"
3444,"Low Risk"
969,"Low Risk"
8998,"Low Risk"
2472,"Low Risk"
2547,"Low Risk"
2885,"Low Risk"
1255,"Low Risk"
2494,"Low Risk"
9859,"Low Risk"
1614,"Low Risk"
2109,"Low Risk"
1080,"Low Risk"
1452,"Low Risk"
1438,"Low Risk"
3293,"Low Risk"
6856,"Low Risk"
3711,"Medium Risk"
1050,"Low Risk"
9031,"Low Risk"
5290,"Low Risk"
655,"Low Risk"
1998,"Low Risk"
1079,"Low Risk"
2550,"Low Risk"
3632,"Low Risk"
1339,"Low Risk"
1261,"Low Risk"
159,"Low Risk"
2287,"Low Risk"
